Unnamed: 0,Name,cns_drug,SMILES
0,Abacavir,False,NC1=NC2=C(N=CN2[C@@H]2C[C@H](CO)C=C2)C(NC2CC2)=N1
5,Acamprosate,True,CC(=O)NCCCS(O)(=O)=O
7,Acebutolol,False,CCCC(=O)NC1=CC(C(C)=O)=C(OCC(O)CNC(C)C)C=C1
8,Acenocoumarol,False,CC(=O)CC(C1=CC=C(C=C1)[N+]([O-])=O)C1=C(O)C2=CC=CC=C2OC1=O
9,Acepromazine,False,CN(C)CCCN1C2=CC=CC=C2SC2=C1C=C(C=C2)C(C)=O
10,Aceprometazine,False,CC(CN1C2=CC=CC=C2SC2=C1C=C(C=C2)C(C)=O)N(C)C
11,Acetaminophen,True,CC(=O)NC1=CC=C(O)C=C1
12,Acetazolamide,False,CC(=O)NC1=NN=C(S1)S(N)(=O)=O
13,Acetic acid,False,CC([O-])=O
14,Acetohexamide,False,CC(=O)C1=CC=C(C=C1)S(=O)(=O)NC(=O)NC1CCCCC1
15,Acetohydroxamic Acid,False,CC(=O)NO
16,Acetophenazine,False,CC(=O)C1=CC=C2SC3=C(C=CC=C3)N(CCCN3CCN(CCO)CC3)C2=C1
17,Acetylcysteine,False,CC(=O)N[C@@H](CS)C(O)=O
19,Acetylsalicylic acid,False,CC(=O)OC1=CC=CC=C1C(O)=O
22,Acyclovir,False,NC1=NC(=O)C2=C(N1)N(COCCO)C=N2
26,Adenine,False,NC1=C2NC=NC2=NC=N1
27,Adenosine,False,NC1=C2N=CN([C@@H]3O[C@H](CO)[C@@H](O)[C@H]3O)C2=NC=N1
30,Adinazolam,False,CN(C)CC1=NN=C2CN=C(C3=CC=CC=C3)C3=C(C=CC(Cl)=C3)N12
32,Afatinib,False,CN(C)C\C=C\C(=O)NC1=C(O[C@H]2CCOC2)C=C2N=CN=C(NC3=CC(Cl)=C(F)C=C3)C2=C1
35,Agomelatine,False,COC1=CC2=C(C=CC=C2CCNC(C)=O)C=C1
36,Ajmaline,False,CC[C@H]1[C@@H]2C[C@H]3[C@@H]4N(C)C5=CC=CC=C5[C@]44C[C@@H](C2[C@H]4O)N3[C@@H]1O
37,Albendazole,False,CCCSC1=CC2=C(C=C1)N=C(NC(=O)OC)N2
38,Alcaftadine,False,CN1CCC(CC1)=C1C2=NC=C(C=O)N2CCC2=CC=CC=C12
39,Alclometasone,False,[H][C@@]12C[C@@H](C)[C@](O)(C(=O)CO)[C@@]1(C)C[C@H](O)[C@@]1([H])[C@@]2([H])[C@H](Cl)CC2=CC(=O)C=C[C@]12C
45,Alfentanil,True,CCN1N=NN(CCN2CCC(COC)(CC2)N(C(=O)CC)C2=CC=CC=C2)C1=O
46,Alfuzosin,False,COC1=C(OC)C=C2C(N)=NC(=NC2=C1)N(C)CCCNC(=O)C1CCCO1
51,Alizapride,False,COC1=CC2=NNN=C2C=C1C(=O)NCC1CCCN1CC=C
52,Allopurinol,False,O=C1N=CN=C2NNC=C12
54,Almitrine,False,FC1=CC=C(C=C1)C(N1CCN(CC1)C1=NC(NCC=C)=NC(NCC=C)=N1)C1=CC=C(F)C=C1
55,Almotriptan,True,CN(C)CCC1=CNC2=C1C=C(CS(=O)(=O)N1CCCC1)C=C2
56,Alogliptin,False,CN1C(=O)C=C(N2CCC[C@@H](N)C2)N(CC2=C(C=CC=C2)C#N)C1=O
57,Alosetron,False,CN1C2=C(C3=CC=CC=C13)C(=O)N(CC1=C(C)NC=N1)CC2
60,Alprazolam,True,CC1=NN=C2CN=C(C3=CC=CC=C3)C3=C(C=CC(Cl)=C3)N12
61,Alprenolol,False,CC(C)NCC(O)COC1=CC=CC=C1CC=C
62,Alprostadil,False,CCCCC[C@H](O)C=C[C@H]1[C@H](O)CC(=O)[C@@H]1CCCCCCC(O)=O
65,Altretamine,False,CN(C)C1=NC(=NC(=N1)N(C)C)N(C)C
66,Aluminium,False,[Al]
67,Aluminum hydroxide,False,[OH-].[OH-].[OH-].[Al+3]
68,Alverine,False,CCN(CCCC1=CC=CC=C1)CCCC1=CC=CC=C1
69,Alvimopan,False,C[C@H]1CN(C[C@H](CC2=CC=CC=C2)C(=O)NCC(O)=O)CC[C@@]1(C)C1=CC(O)=CC=C1
70,Amantadine,True,NC12CC3CC(CC(C3)C1)C2
73,Amdinocillin,False,[H]C(=N[C@@H]1C(=O)N2[C@@H](C(O)=O)C(C)(C)S[C@]12[H])N1CCCCCC1
74,Amifostine,False,NCCCNCCSP(O)(O)=O
76,Amiloride,False,NC(N)=NC(=O)C1=C(N)N=C(N)C(Cl)=N1
77,Aminocaproic Acid,False,NCCCCCC(O)=O
78,Aminoglutethimide,False,CCC1(CCC(=O)NC1=O)C1=CC=C(N)C=C1
79,Aminohippurate,False,NC1=CC=C(C=C1)C(=O)NCC(O)=O
80,Aminolevulinic acid,False,NCC(=O)CCC(O)=O
81,Aminophenazone,False,CN(C)C1=C(C)N(C)N(C1=O)C1=CC=CC=C1
83,Aminosalicylic Acid,False,NC1=CC(O)=C(C=C1)C(O)=O
85,Amisulpride,False,CCN1CCCC1CNC(=O)C1=CC(=C(N)C=C1OC)S(=O)(=O)CC
86,Amitriptyline,True,CN(C)CCC=C1C2=CC=CC=C2CCC2=CC=CC=C12
87,Amlexanox,False,CC(C)C1=CC2=C(OC3=NC(N)=C(C=C3C2=O)C(O)=O)C=C1
88,Amlodipine,False,CCOC(=O)C1=C(COCCN)NC(C)=C(C1C1=CC=CC=C1Cl)C(=O)OC
89,Ammonium lactate,False,[NH4+].CC(O)C([O-])=O
90,Amobarbital,False,CCC1(CCC(C)C)C(=O)NC(=O)NC1=O
92,Amoxapine,True,ClC1=CC2=C(OC3=CC=CC=C3N=C2N2CCNCC2)C=C1
93,Amoxicillin,False,[H][C@]12SC(C)(C)[C@@H](N1C(=O)[C@H]2NC(=O)[C@H](N)C1=CC=C(O)C=C1)C(O)=O
94,Amphetamine,True,CC(N)CC1=CC=CC=C1
96,Ampicillin,False,[H][C@]12SC(C)(C)[C@@H](N1C(=O)[C@H]2NC(=O)[C@H](N)C1=CC=CC=C1)C(O)=O
98,Amrinone,False,NC1=CC(=CNC1=O)C1=CC=NC=C1
99,Amsacrine,False,COC1=C(NC2=C3C=CC=CC3=NC3=CC=CC=C23)C=CC(NS(C)(=O)=O)=C1
100,Amyl Nitrite,False,CCCCCON=O
101,Anagrelide,False,ClC1=CC=C2N=C3NC(=O)CN3CC2=C1Cl
103,Anastrozole,False,CC(C)(C#N)C1=CC(=CC(CN2C=NC=N2)=C1)C(C)(C)C#N
105,Anileridine,False,CCOC(=O)C1(CCN(CCC2=CC=C(N)C=C2)CC1)C1=CC=CC=C1
106,Anisindione,False,COC1=CC=C(C=C1)C1C(=O)C2=CC=CC=C2C1=O
107,Anisotropine Methylbromide,False,[Br-].CCCC(CCC)C(=O)O[C@H]1CC2CCC(C1)[N+]2(C)C
109,Antazoline,False,C(N(CC1=CC=CC=C1)C1=CC=CC=C1)C1=NCCN1
111,Antipyrine,False,CN1N(C(=O)C=C1C)C1=CC=CC=C1
114,Apixaban,False,COC1=CC=C(C=C1)N1N=C(C(N)=O)C2=C1C(=O)N(CC2)C1=CC=C(C=C1)N1CCCCC1=O
115,Apomorphine,True,[H][C@]12CC3=C(C(O)=C(O)C=C3)C3=CC=CC(CCN1C)=C23
116,Apraclonidine,False,NC1=CC(Cl)=C(NC2=NCCN2)C(Cl)=C1
118,Aprindine,False,CCN(CC)CCCN(C1CC2=CC=CC=C2C1)C1=CC=CC=C1
119,Aprobarbital,False,CC(C)C1(CC=C)C(=O)NC(=O)NC1=O
125,Arformoterol,False,COC1=CC=C(C[C@@H](C)NC[C@H](O)C2=CC(NC=O)=C(O)C=C2)C=C1
127,Aripiprazole,True,ClC1=CC=CC(N2CCN(CCCCOC3=CC4=C(CCC(=O)N4)C=C3)CC2)=C1Cl
128,Arsenic trioxide,False,O1[As]2O[As]1O2
129,Artemether,False,[H][C@@]12CC[C@@H](C)[C@]3([H])CC[C@@]4(C)OO[C@@]13[C@]([H])(O[C@H](OC)[C@@H]2C)O4
130,Asenapine,True,OC(=O)\C=C/C(O)=O.CN1CC2C(C1)C1=C(OC3=CC=CC=C23)C=CC(Cl)=C1
133,Aspartame,False,COC(=O)[C@H](CC1=CC=CC=C1)NC(=O)[C@@H](N)CC(O)=O
136,Atenolol,False,CC(C)NCC(O)COC1=CC=C(CC(N)=O)C=C1
137,Atomoxetine,True,CNCC[C@@H](OC1=CC=CC=C1C)C1=CC=CC=C1
141,Atropine,False,CN1[C@H]2CC[C@@H]1C[C@@H](C2)OC(=O)C(CO)C1=CC=CC=C1
144,Avanafil,False,COC1=C(Cl)C=C(CNC2=C(C=NC(=N2)N2CCC[C@H]2CO)C(=O)NCC2=NC=CC=N2)C=C1
146,Azacitidine,False,NC1=NC(=O)N(C=N1)[C@@H]1O[C@H](CO)[C@@H](O)[C@H]1O
147,Azatadine,False,CN1CCC(CC1)=C1C2=CC=CC=C2CCC2=C1N=CC=C2
148,Azathioprine,False,CN1C=NC(=C1SC1=NC=NC2=C1NC=N2)[N+]([O-])=O
149,Azelaic Acid,False,OC(=O)CCCCCCCC(O)=O
150,Azelastine,False,CN1CCCC(CC1)N1N=C(CC2=CC=C(Cl)C=C2)C2=CC=CC=C2C1=O
151,Azidocillin,False,[H][C@]12SC(C)(C)[C@@H](N1C(=O)[C@H]2NC(=O)[C@H](N=[N+]=[N-])C1=CC=CC=C1)C(O)=O
154,Azlocillin,False,[H][C@](NC(=O)N1CCNC1=O)(C(=O)N[C@@H]1C(=O)N2[C@@H](C(O)=O)C(C)(C)S[C@]12[H])C1=CC=CC=C1
156,Bacampicillin,False,[H][C@]12SC(C)(C)[C@@H](N1C(=O)[C@H]2NC(=O)[C@H](N)C1=CC=CC=C1)C(=O)OC(C)OC(=O)OCC
158,Baclofen,True,NCC(CC(O)=O)C1=CC=C(Cl)C=C1
159,Balsalazide,False,OC(=O)CCNC(=O)C1=CC=C(C=C1)\N=N\C1=CC=C(O)C(=C1)C(O)=O
160,Bambuterol,False,CN(C)C(=O)OC1=CC(=CC(OC(=O)N(C)C)=C1)C(O)CNC(C)(C)C
167,Benazepril,False,CCOC(=O)[C@H](CCC1=CC=CC=C1)N[C@H]1CCC2=CC=CC=C2N(CC(O)=O)C1=O
168,Bendroflumethiazide,False,NS(=O)(=O)C1=CC2=C(NC(CC3=CC=CC=C3)NS2(=O)=O)C=C1C(F)(F)F
169,Bentiromide,False,OC(=O)C1=CC=C(NC(=O)[C@H](CC2=CC=C(O)C=C2)NC(=O)C2=CC=CC=C2)C=C1
170,Bentoquatam,False,O.O=[Si]=O.O=[Al]O[Al]=O
171,Benzatropine,True,[H][C@]12CC[C@]([H])(C[C@@]([H])(C1)OC(C1=CC=CC=C1)C1=CC=CC=C1)N2C
172,Benzocaine,False,CCOC(=O)C1=CC=C(N)C=C1
174,Benzphetamine,False,C[C@@H](CC1=CC=CC=C1)N(C)CC1=CC=CC=C1
175,Benzquinamide,False,CCN(CC)C(=O)C1CN2CCC3=CC(OC)=C(OC)C=C3C2CC1OC(C)=O
176,Benzthiazide,False,NS(=O)(=O)C1=C(Cl)C=C2NC(CSCC3=CC=CC=C3)=NS(=O)(=O)C2=C1
177,Benzyl alcohol,False,OCC1=CC=CC=C1
178,Benzyl Benzoate,False,O=C(OCC1=CC=CC=C1)C1=CC=CC=C1
180,Bepotastine,False,OC(=O)CCCN1CCC(CC1)OC(C1=CC=C(Cl)C=C1)C1=CC=CC=N1
181,Bepridil,False,CC(C)COCC(CN(CC1=CC=CC=C1)C1=CC=CC=C1)N1CCCC1
182,Besifloxacin,False,N[C@@H]1CCCCN(C1)C1=C(F)C=C2C(=O)C(=CN(C3CC3)C2=C1Cl)C(O)=O
183,Betahistine,False,CNCCC1=CC=CC=N1
184,Betamethasone,False,[H][C@@]12C[C@H](C)[C@](O)(C(=O)CO)[C@@]1(C)C[C@H](O)[C@@]1(F)[C@@]2([H])CCC2=CC(=O)C=C[C@]12C
185,Betaxolol,False,CC(C)NCC(O)COC1=CC=C(CCOCC2CC2)C=C1
186,Betazole,False,NCCC1=CC=NN1
187,Bethanechol,False,CC(C[N+](C)(C)C)OC(N)=O
188,Bethanidine,False,CN\C(NCC1=CC=CC=C1)=N/C
190,Bevantolol,False,COC1=C(OC)C=C(CCNCC(O)COC2=CC=CC(C)=C2)C=C1
192,Bezafibrate,False,CC(C)(OC1=CC=C(CCNC(=O)C2=CC=C(Cl)C=C2)C=C1)C(O)=O
193,Bicalutamide,False,CC(O)(CS(=O)(=O)C1=CC=C(F)C=C1)C(=O)NC1=CC(=C(C=C1)C#N)C(F)(F)F
195,Bimatoprost,False,CCNC(=O)CCC\C=C/C[C@H]1[C@@H](O)C[C@@H](O)[C@@H]1\C=C\[C@@H](O)CCC1=CC=CC=C1
196,Biotin,False,[H][C@]12CS[C@@H](CCCCC(O)=O)[C@@]1([H])NC(=O)N2
197,Biperiden,False,OC(CCN1CCCCC1)(C1CC2CC1C=C2)C1=CC=CC=C1
198,Bismuth Subsalicylate,False,O[Bi]1OC(=O)C2=CC=CC=C2O1
199,Bisoprolol,False,CC(C)NCC(O)COC1=CC=C(COCCOC(C)C)C=C1
203,Bopindolol,False,CC1=CC2=C(N1)C=CC=C2OCC(CNC(C)(C)C)OC(=O)C1=CC=CC=C1
204,Bortezomib,False,CC(C)C[C@H](NC(=O)[C@H](CC1=CC=CC=C1)NC(=O)C1=CN=CC=N1)B(O)O
210,Bretylium,False,CC[N+](C)(C)CC1=CC=CC=C1Br
211,Brimonidine,False,BrC1=C(NC2=NCCN2)C=CC2=NC=CN=C12
212,Brinzolamide,False,CCN[C@H]1CN(CCCOC)S(=O)(=O)C2=C1C=C(S2)S(N)(=O)=O
213,Bromazepam,False,BrC1=CC2=C(NC(=O)CN=C2C2=CC=CC=N2)C=C1
214,Bromfenac,False,NC1=C(CC(O)=O)C=CC=C1C(=O)C1=CC=C(Br)C=C1
216,Bromodiphenhydramine,False,CN(C)CCOC(C1=CC=CC=C1)C1=CC=C(Br)C=C1
217,Brompheniramine,False,CN(C)CCC(C1=CC=C(Br)C=C1)C1=CC=CC=N1
219,Budesonide,False,[H][C@@]12C[C@H]3OC(CCC)O[C@@]3(C(=O)CO)[C@@]1(C)C[C@H](O)[C@@]1([H])[C@@]2([H])CCC2=CC(=O)C=C[C@]12C
220,Bumetanide,False,CCCCNC1=C(OC2=CC=CC=C2)C(=CC(=C1)C(O)=O)S(N)(=O)=O
221,Bupivacaine,False,CCCCN1CCCCC1C(=O)NC1=C(C)C=CC=C1C
222,Bupranolol,False,CC1=CC(OCC(O)CNC(C)(C)C)=C(Cl)C=C1
223,Buprenorphine,True,CO[C@]12CC[C@@]3(C[C@@H]1[C@](C)(O)C(C)(C)C)[C@H]1CC4=C5C(O[C@@H]2[C@@]35CCN1CC1CC1)=C(O)C=C4
224,Bupropion,True,CC(NC(C)(C)C)C(=O)C1=CC(Cl)=CC=C1
226,Buspirone,True,O=C1CC2(CCCC2)CC(=O)N1CCCCN1CCN(CC1)C1=NC=CC=N1
227,Busulfan,False,CS(=O)(=O)OCCCCOS(C)(=O)=O
228,Butabarbital,False,CCC(C)C1(CC)C(=O)NC(=O)NC1=O
229,Butalbital,True,CC(C)CC1(CC=C)C(=O)NC(=O)NC1=O
231,Butethal,False,CCCCC1(CC)C(=O)NC(=O)NC1=O
233,Butorphanol,True,[H][C@@]12CC3=C(C=C(O)C=C3)[C@]3(CCCC[C@@]13O)CCN2CC1CCC1
235,Cabergoline,False,[H][C@@]12CC3=CNC4=CC=CC(=C34)[C@@]1([H])C[C@H](CN2CC=C)C(=O)N(CCCN(C)C)C(=O)NCC
237,Caffeine,True,CN1C=NC2=C1C(=O)N(C)C(=O)N2C
241,Calcium Acetate,False,[Ca++].CC([O-])=O.CC([O-])=O
243,Calcium Chloride,False,[Cl-].[Cl-].[Ca++]
245,Camazepam,False,CN(C)C(=O)OC1N=C(C2=CC=CC=C2)C2=C(C=CC(Cl)=C2)N(C)C1=O
246,Canagliflozin,False,[H][C@]1(O[C@H](CO)[C@@H](O)[C@H](O)[C@H]1O)C1=CC=C(C)C(CC2=CC=C(S2)C2=CC=C(F)C=C2)=C1
248,Candesartan,False,CCOC1=NC2=CC=CC(C(O)=O)=C2N1CC1=CC=C(C=C1)C1=CC=CC=C1C1=NNN=N1
251,Capecitabine,False,CCCCCOC(=O)NC1=NC(=O)N(C=C1F)[C@@H]1O[C@H](C)[C@@H](O)[C@H]1O
254,Captopril,False,C[C@H](CS)C(=O)N1CCC[C@H]1C(O)=O
255,Carbachol,False,[Cl-].C[N+](C)(C)CCOC(N)=O
256,Carbamazepine,True,NC(=O)N1C2=CC=CC=C2C=CC2=CC=CC=C12
257,Carbenicillin,False,[H][C@]12SC(C)(C)[C@@H](N1C(=O)[C@H]2NC(=O)C(C(O)=O)C1=CC=CC=C1)C(O)=O
260,Carbimazole,False,CCOC(=O)N1C=CN(C)C1=S
261,Carbinoxamine,False,CN(C)CCOC(C1=CC=C(Cl)C=C1)C1=CC=CC=N1
262,Carboplatin,False,N.N.O=C1O[Pt]OC(=O)C11CCC1
265,Carglumic Acid,False,NC(=O)N[C@@H](CCC(O)=O)C(O)=O
266,Carisoprodol,True,CCCC(C)(COC(N)=O)COC(=O)NC(C)C
267,Carmustine,False,ClCCNC(=O)N(CCCl)N=O
268,Carphenazine,False,CCC(=O)C1=CC2=C(SC3=C(C=CC=C3)N2CCN2CCN(CCO)CC2)C=C1
269,Carprofen,False,CC(C(O)=O)C1=CC2=C(C=C1)C1=C(N2)C=CC(Cl)=C1
270,Carteolol,False,CC(C)(C)NCC(O)COC1=CC=CC2=C1CCC(=O)N2
271,Carvedilol,False,COC1=CC=CC=C1OCCNCC(O)COC1=CC=CC2=C1C1=CC=CC=C1N2
273,Cefacetrile,False,[H][C@]12SCC(COC(C)=O)=C(N1C(=O)[C@H]2NC(=O)CC#N)C(O)=O
274,Cefaclor,False,[H][C@]12SCC(Cl)=C(N1C(=O)[C@H]2NC(=O)[C@H](N)C1=CC=CC=C1)C(O)=O
275,Cefadroxil,False,[H][C@]12SCC(C)=C(N1C(=O)[C@H]2NC(=O)[C@H](N)C1=CC=C(O)C=C1)C(O)=O
276,Cefalotin,False,[H][C@]12SCC(COC(C)=O)=C(N1C(=O)[C@H]2NC(=O)CC1=CC=CS1)C(O)=O
279,Cefdinir,False,[H][C@]12SCC(C=C)=C(N1C(=O)[C@H]2NC(=O)C(=N/O)\C1=CSC(N)=N1)C(O)=O
291,Cefoxitin,False,[H][C@]12SCC(COC(N)=O)=C(N1C(=O)[C@]2(NC(=O)CC1=CC=CS1)OC)C(O)=O
294,Cefprozil,False,[H][C@]12SCC(C=CC)=C(N1C(=O)[C@@]2([H])NC(=O)[C@H](N)C1=CC=C(O)C=C1)C(O)=O
295,Cefradine,False,[H][C@]12SCC(C)=C(N1C(=O)[C@H]2NC(=O)[C@H](N)C1=CCC=CC1)C(O)=O
298,Ceftibuten,False,[H][C@]12SCC=C(N1C(=O)[C@H]2NC(=O)C(=C/CC(O)=O)\C1=CSC(N)=N1)C(O)=O
299,Ceftizoxime,False,[H][C@]12SCC=C(N1C(=O)[C@H]2NC(=O)C(=N/OC)\C1=CSC(N)=N1)C(O)=O
301,Cefuroxime,False,[H][C@]12SCC(COC(N)=O)=C(N1C(=O)[C@H]2NC(=O)C(=N/OC)\C1=CC=CO1)C(O)=O
302,Celecoxib,True,CC1=CC=C(C=C1)C1=CC(=NN1C1=CC=C(C=C1)S(N)(=O)=O)C(F)(F)F
303,Cephalexin,False,[H][C@]12SCC(C)=C(N1C(=O)[C@H]2NC(=O)[C@H](N)C1=CC=CC=C1)C(O)=O
304,Cephaloglycin,False,[H][C@]12SCC(COC(C)=O)=C(N1C(=O)[C@H]2NC(=O)[C@H](N)C1=CC=CC=C1)C(O)=O
305,Cephapirin,False,[H][C@]12SCC(COC(C)=O)=C(N1C(=O)[C@H]2NC(=O)CSC1=CC=NC=C1)C(O)=O
307,Cerulenin,False,CC=CCC=CCCC(=O)[C@H]1O[C@H]1C(N)=O
309,Cetirizine,False,OC(=O)COCCN1CCN(CC1)C(C1=CC=CC=C1)C1=CC=C(Cl)C=C1
312,Cevimeline,False,CC1O[C@@]2(CS1)CN1CCC2CC1
313,Chenodeoxycholic acid,False,[H][C@@]1(CC[C@@]2([H])[C@]3([H])[C@H](O)C[C@]4([H])C[C@H](O)CC[C@]4(C)[C@@]3([H])CC[C@]12C)[C@H](C)CCC(O)=O
314,Chlophedianol,False,CN(C)CCC(O)(C1=CC=CC=C1)C1=CC=CC=C1Cl
315,Chlorambucil,False,OC(=O)CCCC1=CC=C(C=C1)N(CCCl)CCCl
316,Chloramphenicol,False,OC[C@@H](NC(=O)C(Cl)Cl)[C@H](O)C1=CC=C(C=C1)[N+]([O-])=O
317,Chlordiazepoxide,True,CNC1=NC2=C(C=C(Cl)C=C2)C(C2=CC=CC=C2)=N(=O)C1
319,Chlormerodrin,False,COC(CNC(N)=O)C[Hg]Cl
320,Chlormezanone,False,CN1C(C2=CC=C(Cl)C=C2)S(=O)(=O)CCC1=O
321,Chloroprocaine,False,CCN(CC)CCOC(=O)C1=C(Cl)C=C(N)C=C1
322,Chloropyramine,False,CN(C)CCN(CC1=CC=C(Cl)C=C1)C1=CC=CC=N1
323,Chloroquine,False,CCN(CC)CCCC(C)NC1=C2C=CC(Cl)=CC2=NC=C1
324,Chlorothiazide,False,NS(=O)(=O)C1=C(Cl)C=C2NC=NS(=O)(=O)C2=C1
326,Chloroxine,False,OC1=C(Cl)C=C(Cl)C2=C1N=CC=C2
327,Chlorphenesin,False,OCC(O)COC1=CC=C(Cl)C=C1
328,Chlorpheniramine,False,CN(C)CCC(C1=CC=C(Cl)C=C1)C1=CC=CC=N1
329,Chlorpromazine,True,CN(C)CCCN1C2=CC=CC=C2SC2=C1C=C(Cl)C=C2
330,Chlorpropamide,False,CCCNC(=O)NS(=O)(=O)C1=CC=C(Cl)C=C1
332,Chlorthalidone,False,NS(=O)(=O)C1=C(Cl)C=CC(=C1)C1(O)NC(=O)C2=CC=CC=C12
333,Chlorzoxazone,True,ClC1=CC2=C(OC(=O)N2)C=C1
336,Choline,True,C[N+](C)(C)CCO
339,Ciclopirox,False,CC1=CC(=O)N(O)C(=C1)C1CCCCC1
340,Cidofovir,False,NC1=NC(=O)N(C[C@@H](CO)OCP(O)(O)=O)C=C1
341,Cilastatin,False,N[C@@H](CSCCCC\C=C(/NC(=O)[C@H]1CC1(C)C)C(=O)O)C(=O)O
342,Cilazapril,False,CCOC(=O)[C@H](CCC1=CC=CC=C1)N[C@H]1CCCN2CCC[C@H](N2C1=O)C(O)=O
343,Cilostazol,False,O=C1CCC2=C(N1)C=CC(OCCCCC1=NN=NN1C1CCCCC1)=C2
344,Cimetidine,False,C\N=C(\NCCSCC1=C(C)NC=N1)NC#N
347,Cinitapride,False,CCOC1=CC(N)=C(C=C1C(=O)NC1CCN(CC2CCC=CC2)CC1)[N+]([O-])=O
349,Cinolazepam,False,OC1N=C(C2=CC=CC=C2F)C2=C(C=CC(Cl)=C2)N(CCC#N)C1=O
350,Cinoxacin,False,CCN1N=C(C(O)=O)C(=O)C2=CC3=C(OCO3)C=C12
351,Ciprofloxacin,False,OC(=O)C1=CN(C2CC2)C2=CC(N3CCNCC3)=C(F)C=C2C1=O
352,Cisapride,False,CO[C@H]1CN(CCCOC2=CC=C(F)C=C2)CC[C@H]1NC(=O)C1=CC(Cl)=C(N)C=C1OC
354,Cisplatin,False,N[Pt](N)(Cl)Cl
355,Citalopram,True,CN(C)CCCC1(OCC2=C1C=CC(=C2)C#N)C1=CC=C(F)C=C1
356,Cladribine,False,NC1=C2N=CN([C@H]3C[C@H](O)[C@@H](CO)O3)C2=NC(Cl)=N1
358,Clavulanate,False,[H][C@@]12CC(=O)N1[C@@H](C(O)=O)\C(O2)=C\CO
360,Clenbuterol,False,CC(C)(C)NCC(O)C1=CC(Cl)=C(N)C(Cl)=C1
361,Clevidipine,False,CCCC(=O)OCOC(=O)C1=C(C)NC(C)=C(C1C1=CC=CC(Cl)=C1Cl)C(=O)OC
362,Clidinium,False,C[N@@+]12CC[C@@H](CC1)C(C2)OC(=O)C(O)(C1=CC=CC=C1)C1=CC=CC=C1
363,Clindamycin,False,CCC[C@@H]1C[C@H](N(C)C1)C(=O)NC(C(C)Cl)[C@H]1O[C@H](SC)[C@H](O)[C@@H](O)[C@H]1O
364,Clobazam,True,CN1C2=C(C=C(Cl)C=C2)N(C2=CC=CC=C2)C(=O)CC1=O
365,Clobetasol,False,[H][C@@]12C[C@H](C)[C@](O)(C(=O)CCl)[C@@]1(C)C[C@H](O)[C@@]1(F)[C@@]2([H])CCC2=CC(=O)C=C[C@]12C
366,Clocortolone,False,[H][C@@]12C[C@@H](C)[C@H](C(=O)CO)[C@@]1(C)C[C@H](O)[C@@]1(Cl)[C@@]2([H])C[C@H](F)C2=CC(=O)C=C[C@]12C
367,Clodronate,False,OP(O)(=O)C(Cl)(Cl)P(O)(O)=O
368,Clofarabine,False,[H][C@]1(F)[C@H](O)[C@@H](CO)O[C@H]1N1C=NC2=C(N)N=C(Cl)N=C12
370,Clofibrate,False,CCOC(=O)C(C)(C)OC1=CC=C(Cl)C=C1
372,Clomipramine,True,CN(C)CCCN1C2=CC=CC=C2CCC2=C1C=C(Cl)C=C2
374,Clonazepam,True,[O-][N+](=O)C1=CC2=C(NC(=O)CN=C2C2=CC=CC=C2Cl)C=C1
375,Clonidine,True,ClC1=CC=CC(Cl)=C1NC1=NCCN1
376,Clopidogrel,False,[H][C@@](N1CCC2=C(C1)C=CS2)(C(=O)OC)C1=CC=CC=C1Cl
377,Clorazepate,True,OC(=O)C1N=C(C2=CC=CC=C2)C2=C(NC1=O)C=CC(Cl)=C2
378,Clotiazepam,False,CCC1=CC2=C(S1)N(C)C(=O)CN=C2C1=CC=CC=C1Cl
380,Cloxacillin,False,[H][C@]12SC(C)(C)[C@@H](N1C(=O)[C@H]2NC(=O)C1=C(C)ON=C1C1=CC=CC=C1Cl)C(O)=O
381,Cloxazolam,False,ClC1=CC2=C(NC(=O)CN3CCOC23C2=CC=CC=C2Cl)C=C1
382,Clozapine,True,CN1CCN(CC1)C1=NC2=CC(Cl)=CC=C2NC2=CC=CC=C12
385,Cocaine,False,[H][C@]12CC[C@]([H])([C@H]([C@H](C1)OC(=O)C1=CC=CC=C1)C(=O)OC)N2C
386,Codeine,True,[H][C@@]12OC3=C(OC)C=CC4=C3[C@@]11CCN(C)[C@]([H])(C4)[C@]1([H])C=C[C@@H]2O
387,Colchicine,False,COC1=CC2=C(C(OC)=C1OC)C1=CC=C(OC)C(=O)C=C1C(CC2)NC(C)=O
394,Conjugated Estrogens,False,[Na+].[H][C@@]12CCC(=O)[C@@]1(C)CC[C@]1([H])C3=CC=C(OS([O-])(=O)=O)C=C3CC[C@@]21[H]
396,Cortisone acetate,False,[H][C@@]12CC[C@](O)(C(=O)COC(C)=O)[C@@]1(C)CC(=O)[C@@]1([H])[C@@]2([H])CCC2=CC(=O)CC[C@]12C
398,Creatine,False,CN(CC(O)=O)C(N)=N
400,Cromoglicic acid,False,OC(COC1=CC=CC2=C1C(=O)C=C(O2)C(O)=O)COC1=CC=CC2=C1C(=O)C=C(O2)C(O)=O
401,Crotamiton,False,CCN(C(=O)C=CC)C1=CC=CC=C1C
404,Cyclacillin,False,[H][C@]12SC(C)(C)[C@@H](N1C(=O)[C@H]2NC(=O)C1(N)CCCCC1)C(O)=O
405,Cyclandelate,False,CC1CC(CC(C)(C)C1)OC(=O)C(O)C1=CC=CC=C1
406,Cyclizine,False,CN1CCN(CC1)C(C1=CC=CC=C1)C1=CC=CC=C1
407,Cyclobenzaprine,True,CN(C)CCC=C1C2=CC=CC=C2C=CC2=CC=CC=C12
408,Cyclopentolate,False,CN(C)CCOC(=O)C(C1=CC=CC=C1)C1(O)CCCC1
409,Cyclophosphamide,False,ClCCN(CCCl)P1(=O)NCCCO1
410,Cycloserine,False,N[C@@H]1CONC1=O
412,Cyclothiazide,False,NS(=O)(=O)C1=C(Cl)C=C2NC(NS(=O)(=O)C2=C1)C1CC2CC1C=C2
413,Cycrimine,False,OC(CCN1CCCCC1)(C1CCCC1)C1=CC=CC=C1
414,Cyproheptadine,False,CN1CCC(CC1)=C1C2=CC=CC=C2C=CC2=CC=CC=C12
415,Cyproterone,False,[H][C@@]12C[C@]1([H])[C@@]1(C)C(=CC2=O)C(Cl)=C[C@@]2([H])[C@]3([H])CC[C@](O)(C(C)=O)[C@@]3(C)CC[C@]12[H]
416,Cysteamine,False,NCCS
417,Cytarabine,False,NC1=NC(=O)N(C=C1)[C@@H]1O[C@H](CO)[C@@H](O)[C@@H]1O
420,Dacarbazine,False,CN(C)N=NC1=C(N=CN1)C(N)=O
423,Dalfampridine,True,NC1=CC=NC=C1
426,Danazol,False,[H][C@@]12CC[C@@](O)(C#C)[C@@]1(C)CC[C@@]1([H])[C@@]2([H])CCC2=CC3=C(C[C@]12C)C=NO3
427,Dantrolene,True,[O-][N+](=O)C1=CC=C(C=C1)C1=CC=C(O1)C=NN1CC(=O)NC1=O
428,Dapiprazole,False,CC1=CC=CC=C1N1CCN(CCC2=NN=C3CCCCN23)CC1
429,Dapsone,False,NC1=CC=C(C=C1)S(=O)(=O)C1=CC=C(N)C=C1
432,Darifenacin,True,NC(=O)C([C@@H]1CCN(CCC2=CC3=C(OCC3)C=C2)C1)(C1=CC=CC=C1)C1=CC=CC=C1
434,Dasatinib,False,CC1=NC(NC2=NC=C(S2)C(=O)NC2=C(C)C=CC=C2Cl)=CC(=N1)N1CCN(CCO)CC1
436,Debrisoquin,False,NC(=N)N1CCC2=CC=CC=C2C1
437,Decamethonium,False,C[N+](C)(C)CCCCCCCCCC[N+](C)(C)C
438,Decitabine,False,NC1=NC(=O)N(C=N1)[C@H]1C[C@H](O)[C@@H](CO)O1
439,Deferasirox,False,OC(=O)C1=CC=C(C=C1)N1N=C(N=C1C1=CC=CC=C1O)C1=CC=CC=C1O
440,Deferiprone,False,CN1C=CC(=O)C(O)=C1C
444,Delavirdine,False,CC(C)NC1=C(N=CC=C1)N1CCN(CC1)C(=O)C1=CC2=C(N1)C=CC(NS(C)(=O)=O)=C2
445,Delorazepam,False,ClC1=CC2=C(NC(=O)CN=C2C2=CC=CC=C2Cl)C=C1
451,Desflurane,False,FC(F)OC(F)C(F)(F)F
452,Desipramine,True,CNCCCN1C2=CC=CC=C2CCC2=CC=CC=C12
454,Desloratadine,False,ClC1=CC2=C(C=C1)C(=C1CCNCC1)C1=C(CC2)C=CC=N1
456,Desogestrel,False,[H][C@@]12CC[C@@](O)(C#C)[C@@]1(CC)CC(=C)[C@]1([H])[C@@]3([H])CCCC=C3CC[C@@]21[H]
457,Desonide,False,[H][C@@]12C[C@@]3([H])[C@]4([H])CCC5=CC(=O)C=C[C@]5(C)[C@@]4([H])[C@@H](O)C[C@]3(C)[C@@]1(OC(C)(C)O2)C(=O)CO
458,Desoximetasone,False,[H][C@@]12C[C@@H](C)[C@H](C(=O)CO)[C@@]1(C)C[C@H](O)[C@@]1(F)[C@@]2([H])CCC2=CC(=O)C=C[C@]12C
459,Desvenlafaxine,True,CN(C)CC(C1=CC=C(O)C=C1)C1(O)CCCCC1
460,Dexamethasone,False,[H][C@@]12C[C@@H](C)[C@](O)(C(=O)CO)[C@@]1(C)C[C@H](O)[C@@]1(F)[C@@]2([H])CCC2=CC(=O)C=C[C@]12C
461,Dexbrompheniramine,False,CN(C)CC[C@@H](C1=CC=C(Br)C=C1)C1=CC=CC=N1
462,Dexfenfluramine,False,CCN[C@@H](C)CC1=CC=CC(=C1)C(F)(F)F
463,Dexmedetomidine,False,C[C@H](C1=CNC=N1)C1=C(C)C(C)=CC=C1
464,Dexmethylphenidate,True,COC(=O)[C@@H]([C@H]1CCCCN1)C1=CC=CC=C1
465,Dexrazoxane,False,C[C@@H](CN1CC(=O)NC(=O)C1)N1CC(=O)NC(=O)C1
466,Dextroamphetamine,True,C[C@H](N)CC1=CC=CC=C1
467,Dextromethorphan,True,[H][C@@]12CCCC[C@@]11CCN(C)[C@@H]2CC2=C1C=C(OC)C=C2
469,Dezocine,False,[H][C@@]12CC3=CC=C(O)C=C3[C@@](C)(CCCCC1)[C@H]2N
471,Diazepam,True,CN1C2=C(C=C(Cl)C=C2)C(=NCC1=O)C1=CC=CC=C1
472,Diazoxide,False,CC1=NS(=O)(=O)C2=C(N1)C=CC(Cl)=C2
473,Dibucaine,False,CCCCOC1=NC2=CC=CC=C2C(=C1)C(=O)NCCN(CC)CC
474,Dichlorphenamide,False,NS(=O)(=O)C1=CC(=C(Cl)C(Cl)=C1)S(N)(=O)=O
475,Diclofenac,True,OC(=O)CC1=CC=CC=C1NC1=C(Cl)C=CC=C1Cl
476,Dicloxacillin,False,[H][C@]12SC(C)(C)[C@@H](N1C(=O)[C@H]2NC(=O)C1=C(C)ON=C1C1=C(Cl)C=CC=C1Cl)C(O)=O
477,Dicumarol,False,OC1=C(CC2=C(O)C3=C(OC2=O)C=CC=C3)C(=O)OC2=C1C=CC=C2
478,Dicyclomine,False,CCN(CC)CCOC(=O)C1(CCCCC1)C1CCCCC1
479,Didanosine,False,OC[C@@H]1CC[C@@H](O1)N1C=NC2=C1NC=NC2=O
480,Dienestrol,False,CC=C(C(=CC)C1=CC=C(O)C=C1)C1=CC=C(O)C=C1
481,Diethylcarbamazine,False,CCN(CC)C(=O)N1CCN(C)CC1
482,Diethylpropion,False,CCN(CC)C(C)C(=O)C1=CC=CC=C1
483,Diethylstilbestrol,False,CCC(=C(CC)C1=CC=C(O)C=C1)C1=CC=C(O)C=C1
485,Diflorasone,False,[H][C@@]12C[C@H](C)[C@](O)(C(=O)CO)[C@@]1(C)C[C@H](O)[C@@]1(F)[C@@]2([H])C[C@H](F)C2=CC(=O)C=C[C@]12C
486,Diflunisal,True,OC(=O)C1=C(O)C=CC(=C1)C1=C(F)C=C(F)C=C1
491,Dihydrocodeine,True,[H][C@@]12OC3=C(OC)C=CC4=C3[C@@]11CCN(C)[C@]([H])(C4)[C@]1([H])CC[C@@H]2O
495,Dihydroxyaluminium,False,O.O.NCC(=O)O[Al]
496,Diloxanide,False,CN(C(=O)C(Cl)Cl)C1=CC=C(OC(=O)C2=CC=CO2)C=C1
497,Diltiazem,False,COC1=CC=C(C=C1)[C@@H]1SC2=CC=CC=C2N(CCN(C)C)C(=O)[C@@H]1OC(C)=O
498,Dimenhydrinate,False,CN1C2=C([N-]C(Cl)=N2)C(=O)N(C)C1=O.C[NH+](C)CCOC(C1=CC=CC=C1)C1=CC=CC=C1
499,Dimercaprol,False,OCC(S)CS
500,Dimethindene,False,CC(C1=C(CCN(C)C)CC2=CC=CC=C12)C1=CC=CC=N1
502,Dimethyl sulfoxide,False,CS(C)=O
504,Dinoprostone,False,CCCCC[C@H](O)\C=C\[C@H]1[C@H](O)CC(=O)[C@@H]1C\C=C/CCCC(O)=O
505,Diphemanil Methylsulfate,False,COS([O-])(=O)=O.C[N+]1(C)CCC(CC1)=C(C1=CC=CC=C1)C1=CC=CC=C1
506,Diphenhydramine,False,CN(C)CCOC(C1=CC=CC=C1)C1=CC=CC=C1
507,Diphenidol,False,OC(CCCN1CCCCC1)(C1=CC=CC=C1)C1=CC=CC=C1
509,Diphenylpyraline,False,CN1CCC(CC1)OC(C1=CC=CC=C1)C1=CC=CC=C1
510,Dipivefrin,False,CNCC(O)C1=CC(OC(=O)C(C)(C)C)=C(OC(=O)C(C)(C)C)C=C1
513,Disopyramide,False,CC(C)N(CCC(C(N)=O)(C1=CC=CC=C1)C1=CC=CC=N1)C(C)C
514,Disulfiram,True,CCN(CC)C(=S)SSC(=S)N(CC)CC
515,Dobutamine,False,CC(CCC1=CC=C(O)C=C1)NCCC1=CC(O)=C(O)C=C1
518,Dofetilide,False,CN(CCOC1=CC=C(NS(C)(=O)=O)C=C1)CCC1=CC=C(NS(C)(=O)=O)C=C1
519,Dolasetron,True,[H][C@]12CC(CC3CC(C1)C(=O)CN23)OC(=O)C1=CNC2=CC=CC=C12
520,Domperidone,False,ClC1=CC2=C(C=C1)N(C1CCN(CCCN3C(=O)NC4=CC=CC=C34)CC1)C(=O)N2
521,Donepezil,True,COC1=C(OC)C=C2C(=O)C(CC3CCN(CC4=CC=CC=C4)CC3)CC2=C1
522,Dopamine,False,NCCC1=CC(O)=C(O)C=C1
524,Dorzolamide,False,CCN[C@H]1C[C@H](C)S(=O)(=O)C2=C1C=C(S2)S(N)(=O)=O
526,Doxapram,True,CCN1CC(CCN2CCOCC2)C(C1=O)(C1=CC=CC=C1)C1=CC=CC=C1
527,Doxazosin,False,COC1=C(OC)C=C2C(N)=NC(=NC2=C1)N1CCN(CC1)C(=O)C1COC2=CC=CC=C2O1
528,Doxepin,True,[H]C(CCN(C)C)=C1C2=CC=CC=C2COC2=CC=CC=C12
531,Doxylamine,False,CN(C)CCOC(C)(C1=CC=CC=C1)C1=CC=CC=N1
534,Droperidol,True,FC1=CC=C(C=C1)C(=O)CCCN1CCC(=CC1)N1C(=O)NC2=CC=CC=C12
535,Drospirenone,False,[H][C@@]12C[C@]1([H])[C@@]1([H])[C@]3([H])[C@]4([H])C[C@]4([H])[C@@]4(CCC(=O)O4)[C@@]3(C)CC[C@]1([H])[C@@]1(C)CCC(=O)C=C21
536,Drostanolone,False,[H][C@@]12CC[C@H](O)[C@@]1(C)CC[C@@]1([H])[C@@]2([H])CC[C@@]2([H])CC(=O)[C@H](C)C[C@]12C
537,Drotaverine,False,CCOC1=C(OCC)C=C(\C=C2/NCCC3=CC(OCC)=C(OCC)C=C23)C=C1
540,Duloxetine,True,CNCC[C@H](OC1=CC=CC2=CC=CC=C12)C1=CC=CS1
542,Dyclonine,False,CCCCOC1=CC=C(C=C1)C(=O)CCN1CCCCC1
543,Dydrogesterone,False,[H][C@@]12CC[C@H](C(C)=O)[C@@]1(C)CC[C@]1([H])[C@@]2([H])C=CC2=CC(=O)CC[C@@]12C
544,Dyphylline,False,CN1C2=C(N(CC(O)CO)C=N2)C(=O)N(C)C1=O
545,Ecabet,False,[H][C@@]12CCC3=CC(C(C)C)=C(C=C3[C@@]1(C)CCC[C@@]2(C)C(O)=O)S(O)(=O)=O
546,Echothiophate,False,CCOP(=O)(OCC)SCC[N+](C)(C)C
549,Edetic Acid,False,OC(=O)CN(CCN(CC(O)=O)CC(O)=O)CC(O)=O
550,Edrophonium,False,CC[N+](C)(C)C1=CC(O)=CC=C1
552,Efavirenz,False,FC(F)(F)[C@]1(OC(=O)NC2=C1C=C(Cl)C=C2)C#CC1CC1
553,Eletriptan,True,CN1CCC[C@@H]1CC1=CNC2=C1C=C(CCS(=O)(=O)C1=CC=CC=C1)C=C2
554,Eltrombopag,False,CC1=NN(C(=O)\C1=N/NC1=C(O)C(=CC=C1)C1=CC=CC(=C1)C(O)=O)C1=CC=C(C)C(C)=C1
555,Emedastine,False,CCOCCN1C(=NC2=CC=CC=C12)N1CCCN(C)CC1
556,Emtricitabine,False,NC1=NC(=O)N(C=C1F)[C@@H]1CS[C@H](CO)O1
557,Enalapril,False,CCOC(=O)[C@H](CCC1=CC=CC=C1)N[C@@H](C)C(=O)N1CCC[C@H]1C(O)=O
558,Encainide,False,COC1=CC=C(C=C1)C(=O)NC1=CC=CC=C1CCC1CCCCN1C
559,Enflurane,False,FC(F)OC(F)(F)C(F)Cl
561,Enoxacin,False,CCN1C=C(C(O)=O)C(=O)C2=CC(F)=C(N=C12)N1CCNCC1
563,Enoximone,False,CSC1=CC=C(C=C1)C(=O)C1=C(C)NC(=O)N1
564,Enprofylline,False,CCCN1C2=C(NC=N2)C(=O)NC1=O
565,Entacapone,True,CCN(CC)C(=O)C(=C\C1=CC(=C(O)C(O)=C1)[N+]([O-])=O)\C#N
566,Entecavir,False,NC1=NC(=O)C2=C(N1)N(C=N2)[C@H]1C[C@H](O)[C@@H](CO)C1=C
567,Enzalutamide,False,CNC(=O)C1=C(F)C=C(C=C1)N1C(=S)N(C(=O)C1(C)C)C1=CC=C(C#N)C(=C1)C(F)(F)F
569,Ephedrine,False,CN[C@@H](C)[C@H](O)C1=CC=CC=C1
570,Epinastine,False,NC1=NCC2N1C1=CC=CC=C1CC1=CC=CC=C21
571,Epinephrine,False,CNC[C@H](O)C1=CC(O)=C(O)C=C1
573,Eplerenone,False,[H][C@@]12CC[C@@]3(CCC(=O)O3)[C@@]1(C)C[C@H]1O[C@@]11[C@@]2([H])[C@@H](CC2=CC(=O)CC[C@]12C)C(=O)OC
575,Epoprostenol,False,[H][C@]12C[C@@H](O)[C@H](\C=C\[C@@H](O)CCCCC)[C@@]1([H])CC(O2)=CCCCC(O)=O
576,Eprosartan,False,CCCCC1=NC=C(\C=C(/CC2=CC=CS2)C(O)=O)N1CC1=CC=C(C=C1)C(O)=O
580,Ergonovine,False,[H][C@@]12CC3=CNC4=CC=CC(=C34)C1=C[C@H](CN2C)C(=O)N[C@@H](C)CO
583,Erlotinib,False,COCCOC1=C(OCCOC)C=C2C(NC3=CC=CC(=C3)C#C)=NC=NC2=C1
587,Escitalopram,True,CN(C)CCC[C@]1(OCC2=C1C=CC(=C2)C#N)C1=CC=C(F)C=C1
588,Esmolol,False,COC(=O)CCC1=CC=C(OCC(O)CNC(C)C)C=C1
589,Esomeprazole,False,COC1=CC2=C(NC(=N2)[S@](=O)CC2=NC=C(C)C(OC)=C2C)C=C1
590,Estazolam,True,ClC1=CC2=C(C=C1)N1C=NN=C1CN=C2C1=CC=CC=C1
591,Estradiol,False,[H][C@@]12CC[C@H](O)[C@@]1(C)CC[C@]1([H])C3=C(CC[C@@]21[H])C=C(O)C=C3
594,Estriol,False,[H][C@@]12C[C@@H](O)[C@H](O)[C@@]1(C)CC[C@]1([H])C3=C(CC[C@@]21[H])C=C(O)C=C3
595,Estrone,False,[H][C@@]12CCC(=O)[C@@]1(C)CC[C@]1([H])C3=C(CC[C@@]21[H])C=C(O)C=C3
596,Estropipate,False,C[C@]12CC[C@H]3[C@@H](CCC4=C3C=CC(OS(O)(=O)=O)=C4)[C@@H]1CCC2=O
597,Eszopiclone,True,CN1CCN(CC1)C(=O)O[C@@H]1N(C(=O)C2=NC=CN=C12)C1=NC=C(Cl)C=C1
599,Ethacrynic acid,False,CCC(=C)C(=O)C1=C(Cl)C(Cl)=C(OCC(O)=O)C=C1
600,Ethambutol,False,CC[C@@H](CO)NCCN[C@@H](CC)CO
601,Ethanol,False,CCO
603,Ethchlorvynol,False,[H]C(Cl)=CC(O)(CC)C#C
604,Ethinamate,False,NC(=O)OC1(CCCCC1)C#C
605,Ethinyl Estradiol,False,[H][C@@]12CC[C@@](O)(C#C)[C@@]1(C)CC[C@]1([H])C3=C(CC[C@@]21[H])C=C(O)C=C3
607,Ethionamide,False,CCC1=NC=CC(=C1)C(N)=S
609,Ethosuximide,True,CCC1(C)CC(=O)NC1=O
610,Ethotoin,True,CCN1C(=O)NC(C1=O)C1=CC=CC=C1
611,Ethoxzolamide,False,CCOC1=CC2=C(C=C1)N=C(S2)S(N)(=O)=O
612,Ethylmorphine,False,[H][C@@]12OC3=C(OCC)C=CC4=C3[C@@]11CCN(C)[C@]([H])(C4)[C@]1([H])C=C[C@@H]2O
613,Ethynodiol Diacetate,False,[H][C@@]12CC[C@@](OC(C)=O)(C#C)[C@@]1(C)CC[C@]1([H])[C@@]3([H])CC[C@H](OC(C)=O)C=C3CC[C@@]21[H]
615,Etodolac,True,CCC1=C2NC3=C(CCOC3(CC)CC(O)=O)C2=CC=C1
616,Etomidate,False,CCOC(=O)C1=CN=CN1[C@H](C)C1=CC=CC=C1
617,Etonogestrel,False,[H][C@@]12CC[C@@](O)(C#C)[C@@]1(CC)CC(=C)[C@]1([H])[C@@]3([H])CCC(=O)C=C3CC[C@@]21[H]
619,Etoricoxib,False,CC1=NC=C(C=C1)C1=C(C=C(Cl)C=N1)C1=CC=C(C=C1)S(C)(=O)=O
621,Exemestane,False,[H][C@@]12CCC(=O)[C@@]1(C)CC[C@@]1([H])[C@@]2([H])CC(=C)C2=CC(=O)C=C[C@]12C
623,Ezetimibe,False,O[C@@H](CC[C@@H]1[C@H](N(C1=O)C1=CC=C(F)C=C1)C1=CC=C(O)C=C1)C1=CC=C(F)C=C1
624,Ezogabine,True,CCOC(=O)NC1=C(N)C=C(NCC2=CC=C(F)C=C2)C=C1
625,Famciclovir,False,CC(=O)OCC(CCN1C=NC2=CN=C(N)N=C12)COC(C)=O
626,Famotidine,False,NC(N)=NC1=NC(CSCCC(N)=NS(N)(=O)=O)=CS1
627,Felbamate,True,NC(=O)OCC(COC(N)=O)C1=CC=CC=C1
628,Felodipine,False,CCOC(=O)C1=C(C)NC(C)=C(C1C1=C(Cl)C(Cl)=CC=C1)C(=O)OC
630,Fencamfamine,False,CCNC1C2CCC(C2)C1C1=CC=CC=C1
631,Fenofibrate,False,CC(C)OC(=O)C(C)(C)OC1=CC=C(C=C1)C(=O)C1=CC=C(Cl)C=C1
632,Fenoldopam,False,OC1=CC=C(C=C1)C1CNCCC2=C(Cl)C(O)=C(O)C=C12
633,Fenoprofen,True,CC(C(O)=O)C1=CC(OC2=CC=CC=C2)=CC=C1
635,Fentanyl,True,CCC(=O)N(C1CCN(CCC2=CC=CC=C2)CC1)C1=CC=CC=C1
641,Finasteride,False,[H][C@@]12CC[C@H](C(=O)NC(C)(C)C)[C@@]1(C)CC[C@@]1([H])[C@@]2([H])CC[C@@]2([H])NC(=O)C=C[C@]12C
642,Fingolimod,True,CCCCCCCCC1=CC=C(CCC(N)(CO)CO)C=C1
643,Flavoxate,False,CC1=C(OC2=C(C=CC=C2C(=O)OCCN2CCCCC2)C1=O)C1=CC=CC=C1
644,Flecainide,False,FC(F)(F)COC1=CC(C(=O)NCC2CCCCN2)=C(OCC(F)(F)F)C=C1
646,Floxuridine,False,OC[C@H]1O[C@H](C[C@@H]1O)N1C=C(F)C(=O)NC1=O
647,Flucloxacillin,False,[H][C@]12SC(C)(C)[C@@H](N1C(=O)[C@H]2NC(=O)C1=C(C)ON=C1C1=C(F)C=CC=C1Cl)C(O)=O
648,Fluconazole,False,OC(CN1C=NC=N1)(CN1C=NC=N1)C1=C(F)C=C(F)C=C1
649,Flucytosine,False,NC1=C(F)C=NC(=O)N1
651,Fludiazepam,False,CN1C2=C(C=C(Cl)C=C2)C(=NCC1=O)C1=CC=CC=C1F
652,Fludrocortisone,False,[H][C@@]12CC[C@](O)(C(=O)CO)[C@@]1(C)C[C@H](O)[C@@]1(F)[C@@]2([H])CCC2=CC(=O)CC[C@]12C
653,Flumazenil,True,CCOC(=O)C1=C2CN(C)C(=O)C3=C(C=CC(F)=C3)N2C=N1
654,Flumethasone Pivalate,False,C[C@@H]1C[C@H]2[C@@H]3C[C@H](F)C4=CC(=O)C=C[C@]4(C)[C@@]3(F)[C@@H](O)C[C@]2(C)[C@@]1(O)C(=O)COC(=O)C(C)(C)C
656,Flunisolide,False,[H][C@@]12C[C@@]3([H])[C@]4([H])C[C@H](F)C5=CC(=O)C=C[C@]5(C)[C@@]4([H])[C@@H](O)C[C@]3(C)[C@@]1(OC(C)(C)O2)C(=O)CO
657,Flunitrazepam,False,CN1C2=C(C=C(C=C2)[N+]([O-])=O)C(=NCC1=O)C1=CC=CC=C1F
658,Fluocinolone Acetonide,False,[H][C@@]12C[C@@]3([H])[C@]4([H])C[C@]([H])(F)C5=CC(=O)C=C[C@]5(C)[C@@]4(F)[C@@H](O)C[C@]3(C)[C@@]1(OC(C)(C)O2)C(=O)CO
659,Fluocinonide,False,[H][C@@]12C[C@@]3([H])[C@]4([H])C[C@]([H])(F)C5=CC(=O)C=C[C@]5(C)[C@@]4(F)[C@@H](O)C[C@]3(C)[C@@]1(OC(C)(C)O2)C(=O)COC(C)=O
660,Fluorescein,False,OC1=CC2=C(C=C1)C1(OC(=O)C3=CC=CC=C13)C1=C(O2)C=C(O)C=C1
661,Fluorometholone,False,[H][C@@]12CC[C@](O)(C(C)=O)[C@@]1(C)C[C@H](O)[C@@]1(F)[C@@]2([H])C[C@H](C)C2=CC(=O)C=C[C@]12C
662,Fluorouracil,False,FC1=CNC(=O)NC1=O
663,Fluoxetine,True,CNCCC(OC1=CC=C(C=C1)C(F)(F)F)C1=CC=CC=C1
664,Fluoxymesterone,False,[H][C@@]12CC[C@](C)(O)[C@@]1(C)C[C@H](O)[C@@]1(F)[C@@]2([H])CCC2=CC(=O)CC[C@]12C
665,Flupenthixol,False,[H]C(CCN1CCN(CCO)CC1)=C1C2C=C(C=CC2SC2=C1C=CC=C2)C(F)(F)F
666,Fluphenazine,True,OCCN1CCN(CCCN2C3=CC=CC=C3SC3=C2C=C(C=C3)C(F)(F)F)CC1
667,Flurandrenolide,False,[H][C@@]12C[C@@]3([H])[C@]4([H])C[C@]([H])(F)C5=CC(=O)CC[C@]5(C)[C@@]4([H])[C@@H](O)C[C@]3(C)[C@@]1(OC(C)(C)O2)C(=O)CO
668,Flurazepam,True,CCN(CC)CCN1C2=C(C=C(Cl)C=C2)C(=NCC1=O)C1=CC=CC=C1F
669,Flurbiprofen,True,CC(C(O)=O)C1=CC(F)=C(C=C1)C1=CC=CC=C1
671,Flutamide,False,CC(C)C(=O)NC1=CC(=C(C=C1)[N+]([O-])=O)C(F)(F)F
674,Fluvastatin,False,CC(C)N1C(\C=C\[C@H](O)C[C@H](O)CC(O)=O)=C(C2=CC=C(F)C=C2)C2=CC=CC=C12
675,Fluvoxamine,True,COCCCCC(=NOCCN)C1=CC=C(C=C1)C(F)(F)F
678,Fomepizole,False,CC1=CNN=C1
680,Forasartan,False,CCCCC1=NN(CC2=CN=C(C=C2)C2=CC=CC=C2C2=NNN=N2)C(CCCC)=N1
681,Formestane,False,[H][C@@]12CCC(=O)[C@@]1(C)CC[C@@]1([H])[C@@]2([H])CCC2=C(O)C(=O)CC[C@]12C
682,Formoterol,False,COC1=CC=C(CC(C)NCC(O)C2=CC(NC=O)=C(O)C=C2)C=C1
685,Foscarnet,False,OC(=O)P(O)(O)=O
686,Fosfomycin,False,C[C@@H]1O[C@@H]1P(O)(O)=O
688,Fosphenytoin,True,OP(O)(=O)OCN1C(=O)NC(C1=O)(C1=CC=CC=C1)C1=CC=CC=C1
689,Fospropofol,False,CC(C)C1=CC=CC(C(C)C)=C1OCOP(O)(O)=O
691,Frovatriptan,True,CN[C@@H]1CCC2=C(C1)C1=C(N2)C=CC(=C1)C(N)=O
693,Furazolidone,False,[O-][N+](=O)C1=CC=C(O1)C=NN1CCOC1=O
694,Furosemide,False,NS(=O)(=O)C1=C(Cl)C=C(NCC2=CC=CO2)C(=C1)C(O)=O
696,Gabapentin,True,NCC1(CC(O)=O)CCCCC1
706,Galantamine,True,[H][C@]12C[C@@H](O)C=C[C@]11CCN(C)CC3=C1C(O2)=C(OC)C=C3
708,Gallium nitrate,False,[Ga+3].[O-][N+]([O-])=O.[O-][N+]([O-])=O.[O-][N+]([O-])=O
711,Gamma Hydroxybutyric Acid,True,OCCCC([O-])=O
712,Ganciclovir,False,NC1=NC(=O)C2=C(N1)N(COC(CO)CO)C=N2
713,Gatifloxacin,False,COC1=C2N(C=C(C(O)=O)C(=O)C2=CC(F)=C1N1CCNC(C)C1)C1CC1
714,Gefitinib,False,COC1=C(OCCCN2CCOCC2)C=C2C(NC3=CC(Cl)=C(F)C=C3)=NC=NC2=C1
715,Gemcitabine,False,NC1=NC(=O)N(C=C1)[C@@H]1O[C@H](CO)[C@@H](O)C1(F)F
716,Gemfibrozil,False,CC1=CC(OCCCC(C)(C)C(O)=O)=C(C)C=C1
717,Gemifloxacin,False,CO\N=C1/CN(CC1CN)C1=NC2=C(C=C1F)C(=O)C(=CN2C1CC1)C(O)=O
720,Gentian Violet,False,CN(C)C1=CC=C(C=C1)C(C1=CC=C(C=C1)N(C)C)=C1C=CC(C=C1)=[N+](C)C
721,Gestodene,False,CC[C@]12CC[C@H]3[C@@H](CCC4=CC(=O)CC[C@H]34)[C@@H]1C=C[C@@]2(O)C#C
725,Gliclazide,False,CC1=CC=C(C=C1)S(=O)(=O)NC(=O)NN1CC2CCCC2C1
726,Glimepiride,False,CCC1=C(C)CN(C(=O)NCCC2=CC=C(C=C2)S(=O)(=O)NC(=O)NC2CCC(C)CC2)C1=O
727,Glipizide,False,CC1=CN=C(C=N1)C(=O)NCCC1=CC=C(C=C1)S(=O)(=O)NC(=O)NC1CCCCC1
729,Glisoxepide,False,CC1=CC(=NO1)C(=O)NCCC1=CC=C(C=C1)S(=O)(=O)NC(=O)NN1CCCCCC1
734,Glutethimide,False,CCC1(CCC(=O)NC1=O)C1=CC=CC=C1
735,Glyburide,False,COC1=C(C=C(Cl)C=C1)C(=O)NCCC1=CC=C(C=C1)S(=O)(=O)NC(=O)NC1CCCCC1
737,Glycine,False,NCC(O)=O
738,Glycodiazine,False,COCCOC1=CN=C(NS(=O)(=O)C2=CC=CC=C2)N=C1
739,Glycopyrrolate,False,C[N+]1(C)CCC(C1)OC(=O)C(O)(C1CCCC1)C1=CC=CC=C1
744,Granisetron,True,CN1N=C(C(=O)NC2CC3CCCC(C2)N3C)C2=CC=CC=C12
745,Grepafloxacin,False,CC1CN(CCN1)C1=C(F)C(C)=C2C(=O)C(=CN(C3CC3)C2=C1)C(O)=O
746,Griseofulvin,False,COC1=CC(OC)=C(Cl)C2=C1C(=O)[C@]1(O2)[C@H](C)CC(=O)C=C1OC
747,Guaifenesin,False,COC1=CC=CC=C1OCC(O)CO
748,Guanabenz,False,NC(N)=NN=CC1=C(Cl)C=CC=C1Cl
749,Guanadrel Sulfate,False,NC(N)=NCC1COC2(CCCCC2)O1
750,Guanethidine,False,NC(N)=NCCN1CCCCCCC1
751,Guanfacine,True,NC(=N)NC(=O)CC1=C(Cl)C=CC=C1Cl
752,Guanidine,False,NC(N)=N
753,Halazepam,False,FC(F)(F)CN1C2=C(C=C(Cl)C=C2)C(=NCC1=O)C1=CC=CC=C1
754,Halobetasol Propionate,False,[H][C@]1(F)CC2C3C[C@H](C)[C@](OC(=O)CC)(C(=O)CCl)C3(C)CC(O)[C@]2(F)C2(C)C=CC(=O)C=C12
756,Haloperidol,True,OC1(CCN(CCCC(=O)C2=CC=C(F)C=C2)CC1)C1=CC=C(Cl)C=C1
757,Haloprogin,False,ClC1=CC(Cl)=C(Cl)C=C1OCC#CI
758,Halothane,False,FC(F)(F)C(Cl)Br
760,Heptabarbital,False,CCC1(C(=O)NC(=O)NC1=O)C1=CCCCCC1
761,Heroin,False,[H][C@@]12OC3=C(OC(C)=O)C=CC4=C3[C@@]11CCN(C)[C@]([H])(C4)[C@]1([H])C=C[C@@H]2OC(C)=O
762,Hesperetin,False,COC1=C(O)C=C(C=C1)[C@@H]1CC(=O)C2=C(O)C=C(O)C=C2O1
763,Hetacillin,False,[H][C@]12SC(C)(C)[C@@H](N1C(=O)[C@H]2N1C(=O)[C@H](NC1(C)C)C1=CC=CC=C1)C(O)=O
766,Hexobarbital,False,CN1C(=O)NC(=O)C(C)(C1=O)C1=CCCCC1
767,Hexylcaine,False,CC(CNC1CCCCC1)OC(=O)C1=CC=CC=C1
769,Homatropine Methylbromide,False,[Br-].C[N+]1(C)C2CCC1CC(C2)OC(=O)C(O)C1=CC=CC=C1
774,Hydralazine,False,NNC1=NN=CC2=CC=CC=C12
775,Hydrochlorothiazide,False,NS(=O)(=O)C1=C(Cl)C=C2NCNS(=O)(=O)C2=C1
776,Hydrocodone,True,[H][C@@]12OC3=C(OC)C=CC4=C3[C@@]11CCN(C)[C@]([H])(C4)[C@]1([H])CCC2=O
777,Hydrocortamate,False,[H][C@@]12CC[C@](O)(C(=O)COC(=O)CN(CC)CC)[C@@]1(C)C[C@H](O)[C@@]1([H])[C@@]2([H])CCC2=CC(=O)CC[C@]12C
778,Hydrocortisone,False,[H][C@@]12CC[C@](O)(C(=O)CO)[C@@]1(C)C[C@H](O)[C@@]1([H])[C@@]2([H])CCC2=CC(=O)CC[C@]12C
779,Hydroflumethiazide,False,NS(=O)(=O)C1=CC2=C(NCNS2(=O)=O)C=C1C(F)(F)F
780,Hydromorphone,True,[H][C@@]12OC3=C(O)C=CC4=C3[C@@]11CCN(C)[C@]([H])(C4)[C@]1([H])CCC2=O
782,Hydroxychloroquine,False,CCN(CCO)CCCC(C)NC1=C2C=CC(Cl)=CC2=NC=C1
783,Hydroxyproline,False,O[C@@H]1CNC(C1)C(O)=O
786,Hydroxyurea,False,NC(=O)NO
787,Hydroxyzine,True,OCCOCCN1CCN(CC1)C(C1=CC=CC=C1)C1=CC=C(Cl)C=C1
788,Hyoscyamine,False,CN1[C@H]2CC[C@@H]1C[C@@H](C2)OC(=O)[C@H](CO)C1=CC=CC=C1
791,Ibudilast,False,CC(C)C(=O)C1=C2C=CC=CN2N=C1C(C)C
792,Ibuprofen,True,CC(C)CC1=CC=C(C=C1)C(C)C(O)=O
793,Ibutilide,False,CCCCCCCN(CC)CCCC(O)C1=CC=C(NS(C)(=O)=O)C=C1
799,Idoxuridine,False,OC[C@H]1O[C@H](C[C@@H]1O)N1C=C(I)C(=O)NC1=O
801,Ifosfamide,False,ClCCNP1(=O)OCCCN1CCCl
802,Iloperidone,True,COC1=C(OCCCN2CCC(CC2)C2=NOC3=C2C=CC(F)=C3)C=CC(=C1)C(C)=O
803,Iloprost,False,CC#CCC(C)C(O)\C=C\C1C(O)CC2C\C(CC12)=C\CCCC(=O)OCC(=O)C1=CC=CC=C1
804,Imatinib,False,CN1CCN(CC2=CC=C(C=C2)C(=O)NC2=CC(NC3=NC=CC(=N3)C3=CN=CC=C3)=C(C)C=C2)CC1
806,Imipenem,False,[H][C@]12CC(SCC\N=C\N)=C(N1C(=O)[C@]2([H])[C@@H](C)O)C(O)=O
807,Imipramine,True,CN(C)CCCN1C2=CC=CC=C2CCC2=CC=CC=C12
808,Imiquimod,False,CC(C)CN1C=NC2=C1C1=CC=CC=C1N=C2N
809,Indacaterol,False,CCC1=C(CC)C=C2CC(CC2=C1)NC[C@H](O)C1=C2C=CC(=O)NC2=C(O)C=C1
810,Indapamide,False,CC1CC2=CC=CC=C2N1NC(=O)C1=CC(=C(Cl)C=C1)S(N)(=O)=O
811,Indecainide,False,CC(C)NCCCC1(C(N)=O)C2=CC=CC=C2C2=CC=CC=C12
813,Indomethacin,True,COC1=CC2=C(C=C1)N(C(=O)C1=CC=C(Cl)C=C1)C(C)=C2CC(O)=O
815,Ingenol Mebutate,False,OCC1=C[C@]2([H])C(=O)[C@]3(C=C(C)[C@H](OC(=O)C(\C)=C/C)[C@@]3(O)[C@@H]1O)[C@H](C)C[C@@]1([H])C(C)(C)[C@@]21[H]
834,Iobenguane,False,NC(N)=NCC1=CC(I)=CC=C1
837,Ioflupane I 123,False,COC(=O)[C@@H]1C2CCC(C[C@@H]1C1=CC=C(I)C=C1)N2CCCF
840,Ipratropium bromide,False,[Br-].[H][C@]12CC[C@]([H])(C[C@@H](C1)OC(=O)C(CO)C1=CC=CC=C1)[N@+]2(C)C(C)C
841,Irbesartan,False,CCCCC1=NC2(CCCC2)C(=O)N1CC1=CC=C(C=C1)C1=CC=CC=C1C1=NNN=N1
843,Iron,False,[Fe]
845,Isocarboxazid,False,CC1=CC(=NO1)C(=O)NNCC1=CC=CC=C1
846,Isoetharine,False,CCC(NC(C)C)C(O)C1=CC(O)=C(O)C=C1
847,Isoflurane,False,FC(F)OC(Cl)C(F)(F)F
848,Isoflurophate,False,CC(C)OP(F)(=O)OC(C)C
849,Isometheptene,True,CNC(C)CCC=C(C)C
850,Isoniazid,False,NNC(=O)C1=CC=NC=C1
851,Isopropamide,False,CC(C)[N+](C)(CCC(C(N)=O)(C1=CC=CC=C1)C1=CC=CC=C1)C(C)C
852,Isoproterenol,False,CC(C)NCC(O)C1=CC(O)=C(O)C=C1
853,Isosorbide Dinitrate,False,[H][C@]12OC[C@H](O[N+]([O-])=O)[C@@]1([H])OC[C@H]2O[N+]([O-])=O
854,Isosorbide Mononitrate,False,[H][C@]12OC[C@@H](O[N+]([O-])=O)[C@@]1([H])OC[C@@H]2O
855,Isothipendyl,False,CC(CN1C2=CC=CC=C2SC2=C1N=CC=C2)N(C)C
857,Isradipine,False,COC(=O)C1=C(C)NC(C)=C(C1C1=CC=CC2=NON=C12)C(=O)OC(C)C
865,Ketamine,False,CNC1(CCCCC1=O)C1=CC=CC=C1Cl
866,Ketazolam,False,CN1C2=C(C=C(Cl)C=C2)C2(OC(C)=CC(=O)N2CC1=O)C1=CC=CC=C1
868,Ketoprofen,True,CC(C(O)=O)C1=CC(=CC=C1)C(=O)C1=CC=CC=C1
869,Ketorolac,True,OC(=O)C1CCN2C1=CC=C2C(=O)C1=CC=CC=C1
870,Ketotifen,False,CN1CCC(CC1)=C1C2=C(SC=C2)C(=O)CC2=CC=CC=C12
872,L-Alanine,False,C[C@H](N)C(O)=O
874,L-Asparagine,False,N[C@@H](CC(N)=O)C(O)=O
875,L-Aspartic Acid,False,N[C@@H](CC(O)=O)C(O)=O
876,L-Carnitine,False,C[N+](C)(C)C[C@H](O)CC([O-])=O
877,L-Citrulline,False,N[C@@H](CCCNC(N)=O)C(O)=O
878,L-Cysteine,False,N[C@@H](CS)C(O)=O
879,L-Cystine,False,N[C@@H](CSSC[C@H](N)C(O)=O)C(O)=O
880,L-Glutamic Acid,False,N[C@@H](CCC(O)=O)C(O)=O
881,L-Glutamine,False,N[C@@H](CCC(N)=O)C(O)=O
882,L-Histidine,False,N[C@@H](CC1=CN=CN1)C(O)=O
883,L-Isoleucine,False,CC[C@H](C)[C@H](N)C(O)=O
884,L-Leucine,False,CC(C)C[C@H](N)C(O)=O
885,L-Lysine,False,NCCCC[C@H](N)C(O)=O
886,L-Methionine,False,CSCC[C@H](N)C(O)=O
887,L-Ornithine,False,NCCC[C@H](N)C(O)=O
888,L-Phenylalanine,False,N[C@@H](CC1=CC=CC=C1)C(O)=O
889,L-Proline,False,OC(=O)[C@@H]1CCCN1
890,L-Serine,False,N[C@@H](CO)C(O)=O
891,L-Threonine,False,C[C@@H](O)[C@H](N)C(O)=O
892,L-Tryptophan,False,N[C@@H](CC1=CNC2=CC=CC=C12)C(O)=O
893,L-Tyrosine,False,N[C@@H](CC1=CC=C(O)C=C1)C(O)=O
894,L-Valine,False,CC(C)[C@H](N)C(O)=O
895,Labetalol,False,CC(CCC1=CC=CC=C1)NCC(O)C1=CC(C(N)=O)=C(O)C=C1
896,Lacosamide,True,COC[C@@H](NC(C)=O)C(=O)NCC1=CC=CC=C1
898,Lamivudine,False,NC1=NC(=O)N(C=C1)[C@@H]1CS[C@H](CO)O1
899,Lamotrigine,True,NC1=NC(N)=C(N=N1)C1=C(Cl)C(Cl)=CC=C1
900,Lansoprazole,False,CC1=C(OCC(F)(F)F)C=CN=C1CS(=O)C1=NC2=CC=CC=C2N1
904,Latanoprost,False,CC(C)OC(=O)CCC\C=C/C[C@H]1[C@@H](O)C[C@@H](O)[C@@H]1CC[C@@H](O)CCC1=CC=CC=C1
905,Leflunomide,False,CC1=C(C=NO1)C(=O)NC1=CC=C(C=C1)C(F)(F)F
906,Lenalidomide,False,NC1=CC=CC2=C1CN(C1CCC(=O)NC1=O)C2=O
909,Letrozole,False,N#CC1=CC=C(C=C1)C(N1C=NC=N1)C1=CC=C(C=C1)C#N
912,Levallorphan,False,[H][C@@]12CCCC[C@@]11CCN(CC=C)[C@@H]2CC2=C1C=C(O)C=C2
913,Levamisole,False,C1CN2C[C@@H](N=C2S1)C1=CC=CC=C1
914,Levetiracetam,True,CC[C@@H](N1CCCC1=O)C(N)=O
915,Levobunolol,False,CC(C)(C)NC[C@H](O)COC1=CC=CC2=C1CCCC2=O
916,Levobupivacaine,False,CCCCN1CCCC[C@H]1C(=O)NC1=C(C)C=CC=C1C
917,Levocabastine,False,C[C@@H]1CN(CC[C@]1(C(O)=O)C1=CC=CC=C1)C1CCC(CC1)(C#N)C1=CC=C(F)C=C1
918,Levodopa,True,N[C@@H](CC1=CC(O)=C(O)C=C1)C(O)=O
919,Levofloxacin,False,C[C@H]1COC2=C3N1C=C(C(O)=O)C(=O)C3=CC(F)=C2N1CCN(C)CC1
920,Levomethadyl Acetate,False,CC[C@H](OC(C)=O)C(C[C@H](C)N(C)C)(C1=CC=CC=C1)C1=CC=CC=C1
921,Levomilnacipran,False,CCN(CC)C(=O)[C@]1(C[C@H]1CN)C1=CC=CC=C1
922,Levonordefrin,False,C[C@H](N)[C@H](O)C1=CC(O)=C(O)C=C1
923,Levonorgestrel,False,[H][C@@]12CC[C@@](O)(C#C)[C@@]1(CC)CC[C@]1([H])[C@@]3([H])CCC(=O)C=C3CC[C@@]21[H]
924,Levorphanol,True,[H][C@@]12CCCC[C@@]11CCN(C)[C@@H]2CC2=C1C=C(O)C=C2
925,Levosimendan,False,C[C@@H]1CC(=O)NN=C1C1=CC=C(NN=C(C#N)C#N)C=C1
927,Lidocaine,False,CCN(CC)CC(=O)NC1=C(C)C=CC=C1C
931,Lindane,False,Cl[C@H]1[C@H](Cl)[C@@H](Cl)[C@@H](Cl)[C@H](Cl)[C@H]1Cl
932,Linezolid,False,CC(=O)NC[C@H]1CN(C(=O)O1)C1=CC(F)=C(C=C1)N1CCOCC1
935,Lipoic Acid,False,OC(=O)CCCCC1CCSS1
937,Lisdexamfetamine,True,C[C@@H](CC1=CC=CC=C1)NC(=O)[C@@H](N)CCCCN
938,Lisinopril,False,NCCCC[C@H](N[C@@H](CCC1=CC=CC=C1)C(O)=O)C(=O)N1CCC[C@H]1C(O)=O
939,Lisuride,False,[H][C@@]12CC3=CNC4=CC=CC(=C34)C1=C[C@@H](CN2C)NC(=O)N(CC)CC
940,Lithium,True,[Li+]
941,Lofexidine,False,CC(OC1=C(Cl)C=CC=C1Cl)C1=NCCN1
942,Lomefloxacin,False,CCN1C=C(C(O)=O)C(=O)C2=CC(F)=C(N3CCNC(C)C3)C(F)=C12
944,Lomustine,False,ClCCN(N=O)C(=O)NC1CCCCC1
947,Loracarbef,False,N[C@@H](C(=O)N[C@H]1[C@H]2CCC(Cl)=C(N2C1=O)C(O)=O)C1=CC=CC=C1
948,Loratadine,False,CCOC(=O)N1CCC(CC1)=C1C2=C(CCC3=C1N=CC=C3)C=C(Cl)C=C2
949,Lorazepam,True,OC1N=C(C2=CC=CC=C2Cl)C2=C(NC1=O)C=CC(Cl)=C2
951,Lornoxicam,False,CN1\C(=C(\O)NC2=CC=CC=N2)C(=O)C2=C(C=C(Cl)S2)S1(=O)=O
952,Losartan,False,CCCCC1=NC(Cl)=C(CO)N1CC1=CC=C(C=C1)C1=CC=CC=C1C1=NNN=N1
953,Loteprednol,False,[H][C@@]12CC[C@](O)(C(=O)OCCl)[C@@]1(C)C[C@H](O)[C@@]1([H])[C@@]2([H])CCC2=CC(=O)C=C[C@]12C
954,Lovastatin,False,[H][C@]12[C@H](C[C@@H](C)C=C1C=C[C@H](C)[C@@H]2CC[C@@H]1C[C@@H](O)CC(=O)O1)OC(=O)[C@@H](C)CC
955,Loxapine,True,CN1CCN(CC1)C1=NC2=CC=CC=C2OC2=C1C=C(Cl)C=C2
956,Lubiprostone,False,[H][C@@]12CC(=O)[C@@H](CCCCCCC(O)=O)[C@@]1([H])CC[C@@](O)(O2)C(F)(F)CCCC
957,Lucanthone,False,CCN(CC)CCNC1=C2C(=O)C3=CC=CC=C3SC2=C(C)C=C1
960,Lumiracoxib,False,CC1=CC(CC(O)=O)=C(NC2=C(F)C=CC=C2Cl)C=C1
961,Lurasidone,True,O=C1[C@H]2[C@@H]3CC[C@@H](C3)[C@H]2C(=O)N1C[C@@H]1CCCC[C@H]1CN1CCN(CC1)C1=NSC2=CC=CC=C12
964,Magnesium oxide,False,O=[Mg]
965,Magnesium salicylate,False,[Mg++].OC1=CC=CC=C1C([O-])=O.OC1=CC=CC=C1C([O-])=O
966,Magnesium Sulfate,True,[Mg++].[O-]S([O-])(=O)=O
967,Malathion,False,CCOC(=O)CC(SP(=S)(OC)OC)C(=O)OCC
969,Maprotiline,True,CNCCCC12CCC(C3=CC=CC=C13)C1=CC=CC=C21
972,Masoprocol,False,C[C@@H](CC1=CC(O)=C(O)C=C1)[C@H](C)CC1=CC(O)=C(O)C=C1
973,Mazindol,False,OC1(N2CCN=C2C2=CC=CC=C12)C1=CC=C(Cl)C=C1
974,Mebendazole,False,COC(=O)NC1=NC2=C(N1)C=C(C=C2)C(=O)C1=CC=CC=C1
975,Mecamylamine,False,CNC1(C)C2CCC(C2)C1(C)C
977,Mechlorethamine,False,CN(CCCl)CCCl
979,Meclofenamic acid,False,CC1=C(Cl)C(NC2=CC=CC=C2C(O)=O)=C(Cl)C=C1
980,Medroxyprogesterone,False,[H][C@@]12CC[C@](O)(C(C)=O)[C@@]1(C)CC[C@@]1([H])[C@@]2([H])C[C@H](C)C2=CC(=O)CC[C@]12C
981,Medrysone,False,[H][C@@]12CC[C@H](C(C)=O)[C@@]1(C)C[C@H](O)[C@@]1([H])[C@@]2([H])C[C@H](C)C2=CC(=O)CC[C@]12C
982,Mefenamic acid,True,CC1=C(C)C(NC2=CC=CC=C2C(O)=O)=CC=C1
983,Mefloquine,False,OC(C1CCCCN1)C1=CC(=NC2=C1C=CC=C2C(F)(F)F)C(F)(F)F
984,Megestrol,False,[H][C@@]12CC[C@](O)(C(C)=O)[C@@]1(C)CC[C@@]1([H])[C@@]2([H])C=CC2=CC(=O)CC[C@]12C
985,Melatonin,False,COC1=CC2=C(NC=C2CCNC(C)=O)C=C1
986,Meloxicam,True,CN1C(C(=O)NC2=NC=C(C)S2)=C(O)C2=C(C=CC=C2)S1(=O)=O
987,Melphalan,False,N[C@@H](CC1=CC=C(C=C1)N(CCCl)CCCl)C(O)=O
988,Memantine,True,CC12CC3CC(C)(C1)CC(N)(C3)C2
989,Menadione,False,CC1=CC(=O)C2=CC=CC=C2C1=O
991,Menthol,False,CC(C)[C@@H]1CC[C@@H](C)C[C@H]1O
992,Mepenzolate,False,C[N+]1(C)CCCC(C1)OC(=O)C(O)(C1=CC=CC=C1)C1=CC=CC=C1
993,Meperidine,True,CCOC(=O)C1(CCN(C)CC1)C1=CC=CC=C1
994,Mephentermine,False,CNC(C)(C)CC1=CC=CC=C1
995,Mephenytoin,False,CCC1(NC(=O)N(C)C1=O)C1=CC=CC=C1
996,Mepivacaine,False,CN1CCCCC1C(=O)NC1=C(C)C=CC=C1C
997,Meprobamate,False,CCCC(C)(COC(N)=O)COC(N)=O
998,Mepyramine,False,COC1=CC=C(CN(CCN(C)C)C2=NC=CC=C2)C=C1
999,Mequitazine,False,C(C1CN2CCC1CC2)N1C2=CC=CC=C2SC2=CC=CC=C12
1000,Mercaptopurine,False,S=C1N=CNC2=C1NC=N2
1001,Meropenem,False,[H][C@]1([C@@H](C)O)C(=O)N2C(C(O)=O)=C(S[C@@H]3CN[C@@H](C3)C(=O)N(C)C)[C@H](C)[C@]12[H]
1002,Mesalazine,False,NC1=CC(C(O)=O)=C(O)C=C1
1003,Mesoridazine,False,CN1CCCCC1CCN1C2=CC=CC=C2SC2=C1C=C(C=C2)S(C)=O
1004,Mestranol,False,[H][C@@]12CC[C@@](O)(C#C)[C@@]1(C)CC[C@]1([H])C3=C(CC[C@@]21[H])C=C(OC)C=C3
1005,Metaraminol,False,C[C@H](N)[C@H](O)C1=CC(O)=CC=C1
1006,Metaxalone,True,CC1=CC(OCC2CNC(=O)O2)=CC(C)=C1
1007,Metformin,False,CN(C)C(=N)NC(N)=N
1008,Methacholine,False,CC(C[N+](C)(C)C)OC(C)=O
1010,Methadone,True,CCC(=O)C(CC(C)N(C)C)(C1=CC=CC=C1)C1=CC=CC=C1
1011,Methadyl Acetate,False,CCC(OC(C)=O)C(CC(C)N(C)C)(C1=CC=CC=C1)C1=CC=CC=C1
1012,Methamphetamine,True,CN[C@@H](C)CC1=CC=CC=C1
1013,Methantheline,False,CC[N+](C)(CC)CCOC(=O)C1C2=CC=CC=C2OC2=CC=CC=C12
1014,Metharbital,False,CCC1(CC)C(=O)NC(=O)N(C)C1=O
1015,Methazolamide,False,CN1N=C(S\C1=N/C(C)=O)S(N)(=O)=O
1016,Methdilazine,False,CN1CCC(CN2C3=CC=CC=C3SC3=CC=CC=C23)C1
1017,Methimazole,False,CN1C=CNC1=S
1018,Methocarbamol,True,COC1=CC=CC=C1OCC(O)COC(N)=O
1019,Methohexital,False,CCC#CC(C)C1(CC=C)C(=O)NC(=O)N(C)C1=O
1021,Methotrimeprazine,False,COC1=CC2=C(SC3=C(C=CC=C3)N2C[C@H](C)CN(C)C)C=C1
1022,Methoxamine,False,COC1=CC(C(O)C(C)N)=C(OC)C=C1
1023,Methoxsalen,False,COC1=C2OC(=O)C=CC2=CC2=C1OC=C2
1024,Methoxyflurane,False,COC(F)(F)C(Cl)Cl
1025,Methsuximide,True,CN1C(=O)CC(C)(C1=O)C1=CC=CC=C1
1026,Methyclothiazide,False,CN1C(CCl)NC2=CC(Cl)=C(C=C2S1(=O)=O)S(N)(=O)=O
1027,Methyl aminolevulinate,False,COC(=O)CCC(=O)CN
1028,Methyldopa,False,C[C@](N)(CC1=CC(O)=C(O)C=C1)C(O)=O
1029,Methylergonovine,False,[H][C@@]12CC3=CNC4=CC=CC(=C34)C1=C[C@H](CN2C)C(=O)N[C@@H](CC)CO
1030,Methylnaltrexone,False,[H][C@@]12OC3=C(O)C=CC4=C3[C@@]11CC[N+](C)(CC3CC3)[C@]([H])(C4)[C@]1(O)CCC2=O
1031,Methylphenidate,True,COC(=O)C(C1CCCCN1)C1=CC=CC=C1
1032,Methylphenobarbital,False,CCC1(C(=O)NC(=O)N(C)C1=O)C1=CC=CC=C1
1033,Methylprednisolone,False,[H][C@@]12CC[C@](O)(C(=O)CO)[C@@]1(C)C[C@H](O)[C@@]1([H])[C@@]2([H])C[C@H](C)C2=CC(=O)C=C[C@]12C
1034,Methylscopolamine,False,[Br-].[H][C@]12C[C@@H](C[C@@]([H])(C3OC13)[N+]2(C)C)OC(=O)[C@H](CO)C1=CC=CC=C1
1035,Methyltestosterone,False,[H][C@@]12CC[C@](C)(O)[C@@]1(C)CC[C@@]1([H])[C@@]2([H])CCC2=CC(=O)CC[C@]12C
1036,Methyprylon,False,CCC1(CC)C(=O)NCC(C)C1=O
1037,Methysergide,False,[H][C@@]12CC3=CN(C)C4=C3C(=CC=C4)C1=C[C@H](CN2C)C(=O)NC(CC)CO
1038,Meticillin,False,[H][C@]12SC(C)(C)[C@@H](N1C(=O)[C@H]2NC(=O)C1=C(OC)C=CC=C1OC)C(O)=O
1039,Metipranolol,False,CC(C)NCC(O)COC1=C(C)C(C)=C(OC(C)=O)C(C)=C1
1041,Metoclopramide,False,CCN(CC)CCNC(=O)C1=CC(Cl)=C(N)C=C1OC
1044,Metolazone,False,CC1NC2=CC(Cl)=C(C=C2C(=O)N1C1=CC=CC=C1C)S(N)(=O)=O
1045,Metoprolol,False,COCCC1=CC=C(OCC(O)CNC(C)C)C=C1
1047,Metronidazole,False,CC1=NC=C(N1CCO)[N+]([O-])=O
1048,Metyrapone,False,CC(C)(C(=O)C1=CN=CC=C1)C1=CN=CC=C1
1049,Metyrosine,False,C[C@](N)(CC1=CC=C(O)C=C1)C(O)=O
1050,Mexiletine,False,CC(N)COC1=C(C)C=CC=C1C
1052,Mianserin,False,CN1CCN2C(C1)C1=CC=CC=C1CC1=CC=CC=C21
1055,Midazolam,False,CC1=NC=C2CN=C(C3=CC=CC=C3F)C3=C(C=CC(Cl)=C3)N12
1056,Midodrine,False,COC1=CC(C(O)CNC(=O)CN)=C(OC)C=C1
1059,Miglustat,True,CCCCN1C[C@H](O)[C@@H](O)[C@H](O)[C@H]1CO
1060,Milnacipran,True,CCN(CC)C(=O)[C@@]1(C[C@@H]1CN)C1=CC=CC=C1
1061,Milrinone,False,CC1=C(C=C(C#N)C(=O)N1)C1=CC=NC=C1
1062,Mimosine,False,N[C@@H](CN1C=CC(=O)C(O)=C1)C(O)=O
1063,Minaprine,False,CC1=CC(=NN=C1NCCN1CCOCC1)C1=CC=CC=C1
1065,Minoxidil,False,NC1=CC(=NC(N)=[N+]1[O-])N1CCCCC1
1067,Mirabegron,True,NC1=NC(CC(=O)NC2=CC=C(CCNC[C@H](O)C3=CC=CC=C3)C=C2)=CS1
1068,Mirtazapine,True,CN1CCN2C(C1)C1=CC=CC=C1CC1=C2N=CC=C1
1069,Misoprostol,True,CCCCC(C)(O)C\C=C\[C@H]1[C@H](O)CC(=O)[C@@H]1CCCCCCC(=O)OC
1070,Mitiglinide,False,OC(=O)C(CC(=O)N1CC2CCCCC2C1)CC1=CC=CC=C1
1071,Mitomycin,False,CO[C@]12[C@H]3N[C@H]3CN1C1=C([C@H]2COC(N)=O)C(=O)C(N)=C(C)C1=O
1075,Moclobemide,False,ClC1=CC=C(C=C1)C(=O)NCCN1CCOCC1
1076,Modafinil,True,NC(=O)CS(=O)C(C1=CC=CC=C1)C1=CC=CC=C1
1077,Moexipril,False,CCOC(=O)[C@H](CCC1=CC=CC=C1)N[C@@H](C)C(=O)N1CC2=CC(OC)=C(OC)C=C2C[C@H]1C(O)=O
1078,Molindone,True,CCC1=C(C)NC2=C1C(=O)C(CN1CCOCC1)CC2
1079,Mometasone,False,[H][C@@]12C[C@@H](C)[C@](O)(C(=O)CCl)[C@@]1(C)C[C@H](O)[C@@]1(Cl)[C@@]2([H])CCC2=CC(=O)C=C[C@]12C
1080,Monobenzone,False,OC1=CC=C(OCC2=CC=CC=C2)C=C1
1082,Moricizine,False,CCOC(=O)NC1=CC2=C(SC3=CC=CC=C3N2C(=O)CCN2CCOCC2)C=C1
1083,Morphine,True,[H][C@@]12OC3=C(O)C=CC4=C3[C@@]11CCN(C)[C@]([H])(C4)[C@]1([H])C=C[C@@H]2O
1084,Moxifloxacin,False,[H][C@]12CN(C[C@@]1([H])NCCC2)C1=C(F)C=C2C(=O)C(=CN(C3CC3)C2=C1OC)C(O)=O
1087,Mycophenolate mofetil,False,COC1=C(C\C=C(/C)CCC(=O)OCCN2CCOCC2)C(O)=C2C(=O)OCC2=C1C
1088,Mycophenolic acid,False,COC1=C(C\C=C(/C)CCC(O)=O)C(O)=C2C(=O)OCC2=C1C
1091,Nabumetone,True,COC1=CC2=C(C=C1)C=C(CCC(C)=O)C=C2
1093,Nadolol,False,CC(C)(C)NCC(O)COC1=CC=CC2=C1C[C@H](O)[C@H](O)C2
1096,Nafcillin,False,[H][C@]12SC(C)(C)[C@@H](N1C(=O)[C@H]2NC(=O)C1=C(OCC)C=CC2=CC=CC=C12)C(O)=O
1097,Naftifine,False,CN(CC=CC1=CC=CC=C1)CC1=CC=CC2=CC=CC=C12
1098,Nalbuphine,True,O[C@H]1CC[C@@]2(O)[C@H]3CC4=CC=C(O)C5=C4[C@@]2(CCN3CC2CCC2)[C@H]1O5
1099,Nalidixic Acid,False,CCN1C=C(C(O)=O)C(=O)C2=C1N=C(C)C=C2
1100,Naloxone,True,[H][C@@]12OC3=C(O)C=CC4=C3[C@@]11CCN(CC=C)[C@]([H])(C4)[C@]1(O)CCC2=O
1101,Naltrexone,True,[H][C@@]12OC3=C(O)C=CC4=C3[C@@]11CCN(CC3CC3)[C@]([H])(C4)[C@]1(O)CCC2=O
1104,Naphazoline,False,C(C1=NCCN1)C1=CC=CC2=CC=CC=C12
1105,Naproxen,True,COC1=CC2=C(C=C1)C=C(C=C2)[C@H](C)C(O)=O
1106,Naratriptan,True,CNS(=O)(=O)CCC1=CC2=C(NC=C2C2CCN(C)CC2)C=C1
1109,Nateglinide,False,CC(C)C1CC[C@@H](CC1)C(=O)N[C@H](CC1=CC=CC=C1)C(O)=O
1110,Nebivolol,False,OC(CNCC(O)C1CCC2=C(O1)C=CC(F)=C2)C1CCC2=C(O1)C=CC(F)=C2
1111,Nedocromil,False,CCCC1=C2N(CC)C(=CC(=O)C2=CC2=C1OC(=CC2=O)C(O)=O)C(O)=O
1112,Nefazodone,True,CCC1=NN(CCCN2CCN(CC2)C2=CC(Cl)=CC=C2)C(=O)N1CCOC1=CC=CC=C1
1116,Neostigmine,True,CN(C)C(=O)OC1=CC(=CC=C1)[N+](C)(C)C
1117,Nepafenac,False,NC(=O)CC1=CC=CC(C(=O)C2=CC=CC=C2)=C1N
1120,Nevirapine,False,CC1=C2NC(=O)C3=C(N=CC=C3)N(C3CC3)C2=NC=C1
1121,Niacin,False,OC(=O)C1=CN=CC=C1
1122,Nicardipine,False,COC(=O)C1=C(C)NC(C)=C(C1C1=CC(=CC=C1)[N+]([O-])=O)C(=O)OCCN(C)CC1=CC=CC=C1
1123,Nicergoline,False,[H][C@@]12CC3=CN(C)C4=CC=CC(=C34)[C@]1(C[C@@H](COC(=O)C1=CC(Br)=CN=C1)CN2C)OC
1124,Niclosamide,False,OC1=C(C=C(Cl)C=C1)C(=O)NC1=C(Cl)C=C(C=C1)[N+]([O-])=O
1125,Nicotine,True,CN1CCCC1C1=CN=CC=C1
1126,Nifedipine,False,COC(=O)C1=C(C)NC(C)=C(C1C1=CC=CC=C1[N+]([O-])=O)C(=O)OC
1127,Niflumic Acid,False,OC(=O)C1=C(NC2=CC=CC(=C2)C(F)(F)F)N=CC=C1
1129,Nilutamide,False,CC1(C)NC(=O)N(C1=O)C1=CC(=C(C=C1)[N+]([O-])=O)C(F)(F)F
1130,Nilvadipine,False,COC(=O)C1=C(NC(C)=C(C1C1=CC(=CC=C1)[N+]([O-])=O)C(=O)OC(C)C)C#N
1131,Nimodipine,True,COCCOC(=O)C1=C(C)NC(C)=C(C1C1=CC(=CC=C1)[N+]([O-])=O)C(=O)OC(C)C
1132,Nisoldipine,False,COC(=O)C1=C(C)NC(C)=C(C1C1=CC=CC=C1[N+]([O-])=O)C(=O)OCC(C)C
1133,Nitazoxanide,False,CC(=O)OC1=CC=CC=C1C(=O)NC1=NC=C(S1)[N+]([O-])=O
1134,Nitisinone,False,[O-][N+](=O)C1=C(C=CC(=C1)C(F)(F)F)C(=O)C1C(=O)CCCC1=O
1135,Nitrazepam,False,[O-][N+](=O)C1=CC2=C(NC(=O)CN=C2C2=CC=CC=C2)C=C1
1136,Nitrendipine,False,CCOC(=O)C1=C(C)NC(C)=C(C1C1=CC(=CC=C1)[N+]([O-])=O)C(=O)OC
1137,Nitric Oxide,False,[N]=O
1138,Nitrofurantoin,False,[O-][N+](=O)C1=CC=C(O1)\C=N/N1CC(=O)NC1=O
1139,Nitrofurazone,False,NC(=O)N\N=C\C1=CC=C(O1)[N+]([O-])=O
1140,Nitroglycerin,False,[O-][N+](=O)OCC(CO[N+]([O-])=O)O[N+]([O-])=O
1141,Nitroprusside,False,O=N[Fe--](C#N)(C#N)(C#N)(C#N)C#N
1142,Nitroxoline,False,OC1=C2N=CC=CC2=C(C=C1)[N+]([O-])=O
1143,Nizatidine,False,CN\C(NCCSCC1=CSC(CN(C)C)=N1)=C/[N+]([O-])=O
1145,Norelgestromin,False,CCC12CCC3C(CCC4=CC(CCC34)=NO)C1CCC2(O)C#C
1146,Norepinephrine,False,NC[C@H](O)C1=CC(O)=C(O)C=C1
1147,Norethindrone,False,[H][C@@]12CC[C@@](O)(C#C)[C@@]1(C)CC[C@]1([H])[C@@]3([H])CCC(=O)C=C3CC[C@@]21[H]
1148,Norfloxacin,False,CCN1C=C(C(O)=O)C(=O)C2=CC(F)=C(C=C12)N1CCNCC1
1149,Norgestimate,False,[H][C@@]12CC[C@@](OC(C)=O)(C#C)[C@@]1(CC)CC[C@]1([H])[C@@]3([H])CC\C(C=C3CC[C@@]21[H])=N/O
1150,Nortriptyline,True,CNCCC=C1C2=CC=CC=C2CCC2=CC=CC=C12
1155,Ofloxacin,False,CC1COC2=C3N1C=C(C(O)=O)C(=O)C3=CC(F)=C2N1CCN(C)CC1
1156,Olanzapine,True,CN1CCN(CC1)C1=NC2=CC=CC=C2NC2=C1C=C(C)S2
1157,Olmesartan,False,CCCC1=NC(=C(N1CC1=CC=C(C=C1)C1=C(C=CC=C1)C1=NN=NN1)C(O)=O)C(C)(C)O
1158,Olopatadine,False,CN(C)CC\C=C1\C2=CC=CC=C2COC2=C1C=C(CC(O)=O)C=C2
1159,Olsalazine,False,OC(=O)C1=CC(=CC=C1O)\N=N\C1=CC=C(O)C(=C1)C(O)=O
1161,Omeprazole,False,COC1=CC2=C(C=C1)N=C(N2)S(=O)CC1=NC=C(C)C(OC)=C1C
1162,Ondansetron,True,CN1C2=C(C3=CC=CC=C13)C(=O)C(CN1C=CN=C1C)CC2
1164,Orciprenaline,False,CC(C)NCC(O)C1=CC(O)=CC(O)=C1
1166,Orphenadrine,True,CN(C)CCOC(C1=CC=CC=C1)C1=CC=CC=C1C
1167,Oseltamivir,False,CCOC(=O)C1=C[C@@H](OC(CC)CC)[C@H](NC(C)=O)[C@@H](N)C1
1171,Oxacillin,False,[H][C@]12SC(C)(C)[C@@H](N1C(=O)[C@H]2NC(=O)C1=C(C)ON=C1C1=CC=CC=C1)C(O)=O
1172,Oxaliplatin,False,O=C1O[Pt]2(N[C@@H]3CCCC[C@H]3N2)OC1=O
1173,Oxamniquine,False,CC(C)NCC1CCC2=CC(CO)=C(C=C2N1)[N+]([O-])=O
1174,Oxandrolone,False,[H][C@@]12CC[C@](C)(O)[C@@]1(C)CC[C@@]1([H])[C@@]2([H])CC[C@@]2([H])CC(=O)OC[C@]12C
1175,Oxaprozin,True,OC(=O)CCC1=NC(=C(O1)C1=CC=CC=C1)C1=CC=CC=C1
1176,Oxazepam,True,OC1N=C(C2=CC=CC=C2)C2=C(NC1=O)C=CC(Cl)=C2
1177,Oxcarbazepine,True,NC(=O)N1C2=CC=CC=C2CC(=O)C2=CC=CC=C12
1179,Oxitriptan,False,N[C@@H](CC1=CNC2=C1C=C(O)C=C2)C(O)=O
1180,Oxprenolol,False,CC(C)NCC(O)COC1=CC=CC=C1OCC=C
1181,Oxtriphylline,False,C[N+](C)(C)CCO.CN1C2=C([N-]C=N2)C(=O)N(C)C1=O
1182,Oxybenzone,False,COC1=CC(O)=C(C=C1)C(=O)C1=CC=CC=C1
1183,Oxybuprocaine,False,CCCCOC1=C(N)C=CC(=C1)C(=O)OCCN(CC)CC
1184,Oxybutynin,True,CCN(CC)CC#CCOC(=O)C(O)(C1CCCCC1)C1=CC=CC=C1
1185,Oxycodone,True,[H][C@@]12OC3=C(OC)C=CC4=C3[C@@]11CCN(C)[C@]([H])(C4)[C@]1(O)CCC2=O
1186,Oxymetazoline,False,CC1=CC(=C(O)C(C)=C1CC1=NCCN1)C(C)(C)C
1187,Oxymorphone,True,[H][C@@]12OC3=C(O)C=CC4=C3[C@@]11CCN(C)[C@]([H])(C4)[C@]1(O)CCC2=O
1188,Oxyphencyclimine,False,CN1CCCN=C1COC(=O)C(O)(C1CCCCC1)C1=CC=CC=C1
1189,Oxyphenonium,False,CC[N+](C)(CC)CCOC(=O)C(O)(C1CCCCC1)C1=CC=CC=C1
1194,Paliperidone,True,CC1=C(CCN2CCC(CC2)C2=NOC3=C2C=CC(F)=C3)C(=O)N2CCCC(O)C2=N1
1196,Palonosetron,False,[H][C@@]12CCCC3=C1C(=CC=C3)C(=O)N(C2)[C@@H]1CN2CCC1CC2
1201,Pantoprazole,False,COC1=C(OC)C(CS(=O)C2=NC3=C(N2)C=C(OC(F)F)C=C3)=NC=C1
1202,Papaverine,False,COC1=C(OC)C=C(CC2=NC=CC3=CC(OC)=C(OC)C=C23)C=C1
1203,Paramethadione,False,CCC1(C)OC(=O)N(C)C1=O
1204,Paramethasone,False,[H][C@@]12C[C@@H](C)[C@](O)(C(=O)CO)[C@@]1(C)C[C@H](O)[C@@]1([H])[C@@]2([H])C[C@]([H])(F)C2=CC(=O)C=C[C@]12C
1205,Pargyline,False,CN(CC#C)CC1=CC=CC=C1
1208,Paroxetine,True,FC1=CC=C(C=C1)[C@@H]1CCNC[C@H]1COC1=CC2=C(OCO2)C=C1
1210,Pazopanib,False,CN(C1=CC2=NN(C)C(C)=C2C=C1)C1=CC=NC(NC2=CC=C(C)C(=C2)S(N)(=O)=O)=N1
1211,Pefloxacin,False,CCN1C=C(C(O)=O)C(=O)C2=CC(F)=C(C=C12)N1CCN(C)CC1
1221,Pemirolast,False,CC1=CC=CN2C(=O)C(=CN=C12)C1=NNN=N1
1222,Penbutolol,False,CC(C)(C)NC[C@H](O)COC1=CC=CC=C1C1CCCC1
1223,Penciclovir,False,NC1=NC(=O)C2=C(N1)N(CCC(CO)CO)C=N2
1224,Penicillamine,False,CC(C)(S)C(N)C(O)=O
1225,Penicillin G,False,[H][C@]12SC(C)(C)[C@@H](N1C(=O)[C@H]2NC(=O)CC1=CC=CC=C1)C(O)=O
1226,Penicillin V,False,[H][C@]12SC(C)(C)[C@@H](N1C(=O)[C@H]2NC(=O)COC1=CC=CC=C1)C(O)=O
1228,Pentamidine,False,NC(=N)C1=CC=C(OCCCCCOC2=CC=C(C=C2)C(N)=N)C=C1
1229,Pentazocine,True,C[C@H]1[C@H]2CC3=CC=C(O)C=C3[C@]1(C)CCN2CC=C(C)C
1230,Pentobarbital,False,CCCC(C)C1(CC)C(=O)NC(=O)NC1=O
1231,Pentolinium,False,C[N+]1(CCCCC[N+]2(C)CCCC2)CCCC1
1233,Pentostatin,False,OC[C@H]1O[C@H](C[C@@H]1O)N1C=NC2=C1N=CNC[C@H]2O
1234,Pentoxifylline,False,CN1C=NC2=C1C(=O)N(CCCCC(C)=O)C(=O)N2C
1236,Perflutren,False,FC(F)(F)C(F)(F)C(F)(F)F
1237,Pergolide,False,[H][C@@]12CC3=CNC4=CC=CC(=C34)[C@@]1([H])C[C@@H](CSC)CN2CCC
1239,Perindopril,False,[H][C@]12C[C@H](N(C(=O)[C@H](C)N[C@@H](CCC)C(=O)OCC)[C@@]1([H])CCCC2)C(O)=O
1241,Perphenazine,True,OCCN1CCN(CCCN2C3=CC=CC=C3SC3=C2C=C(Cl)C=C3)CC1
1243,Phenacemide,False,NC(=O)NC(=O)CC1=CC=CC=C1
1244,Phenazopyridine,False,NC1=NC(N)=C(C=C1)\N=N\C1=CC=CC=C1
1245,Phendimetrazine,False,CC1C(OCCN1C)C1=CC=CC=C1
1246,Phenelzine,True,NNCCC1=CC=CC=C1
1248,Phenindamine,False,CN1CCC2=C(C1)C(C1=CC=CC=C21)C1=CC=CC=C1
1249,Phenindione,False,O=C1C(C(=O)C2=CC=CC=C12)C1=CC=CC=C1
1250,Pheniramine,False,CN(C)CCC(C1=CC=CC=C1)C1=CC=CC=N1
1251,Phenmetrazine,False,CC1NCCOC1C1=CC=CC=C1
1252,Phenobarbital,True,CCC1(C(=O)NC(=O)NC1=O)C1=CC=CC=C1
1253,Phenol,False,OC1=CC=CC=C1
1254,Phenoxybenzamine,False,CC(COC1=CC=CC=C1)N(CCCl)CC1=CC=CC=C1
1255,Phenprocoumon,False,CCC(C1=CC=CC=C1)C1=C(O)C2=C(OC1=O)C=CC=C2
1256,Phensuximide,False,CN1C(=O)CC(C1=O)C1=CC=CC=C1
1257,Phentermine,False,CC(C)(N)CC1=CC=CC=C1
1258,Phentolamine,False,CC1=CC=C(C=C1)N(CC1=NCCN1)C1=CC(O)=CC=C1
1259,Phenylbutazone,False,CCCCC1C(=O)N(N(C1=O)C1=CC=CC=C1)C1=CC=CC=C1
1260,Phenylephrine,False,CNC[C@H](O)C1=CC(O)=CC=C1
1261,Phenylpropanolamine,False,C[C@@H](N)[C@@H](O)C1=CC=CC=C1
1262,Phenytoin,True,O=C1NC(=O)C(N1)(C1=CC=CC=C1)C1=CC=CC=C1
1263,Phosphatidylserine,False,CCCC(=O)O[C@H](COC(=O)CC)COP(O)(=O)OC[C@H](N)C(O)=O
1264,Physostigmine,False,[H][C@]12N(C)CC[C@@]1(C)C1=C(C=CC(OC(=O)NC)=C1)N2C
1267,Pilocarpine,False,CC[C@H]1[C@@H](CC2=CN=CN2C)COC1=O
1270,Pindolol,False,CC(C)NCC(O)COC1=CC=CC2=C1C=CN2
1271,Pioglitazone,False,CCC1=CN=C(CCOC2=CC=C(CC3SC(=O)NC3=O)C=C2)C=C1
1272,Pipazethate,False,O=C(OCCOCCN1CCCCC1)N1C2=CC=CC=C2SC2=C1N=CC=C2
1275,Piperazine,False,C1CNCCN1
1276,Pipobroman,False,BrCCC(=O)N1CCN(CC1)C(=O)CCBr
1277,Pipotiazine,False,CN(C)S(=O)(=O)C1=CC2=C(SC3=CC=CC=C3N2CCCN2CCC(CCO)CC2)C=C1
1278,Pirbuterol,False,CC(C)(C)NCC(O)C1=NC(CO)=C(O)C=C1
1279,Pirenzepine,False,CN1CCN(CC(=O)N2C3=CC=CC=C3C(=O)NC3=C2N=CC=C3)CC1
1280,Piroxicam,True,CN1C(C(=O)NC2=NC=CC=C2)=C(O)C2=C(C=CC=C2)S1(=O)=O
1281,Pitavastatin,False,O[C@H](C[C@H](O)\C=C\C1=C(N=C2C=CC=CC2=C1C1=CC=C(F)C=C1)C1CC1)CC(O)=O
1282,Pivampicillin,False,[H][C@]12SC(C)(C)[C@@H](N1C(=O)[C@H]2NC(=O)[C@H](N)C1=CC=CC=C1)C(=O)OCOC(=O)C(C)(C)C
1283,Pivmecillinam,False,[H]C(=N[C@@H]1C(=O)N2[C@@H](C(=O)OCOC(=O)C(C)(C)C)C(C)(C)S[C@]12[H])N1CCCCCC1
1286,Podofilox,False,[H][C@]12COC(=O)[C@]1([H])[C@H](C1=CC(OC)=C(OC)C(OC)=C1)C1=CC3=C(OCO3)C=C1[C@@H]2O
1287,Polidocanol,False,CCCCCCCCCCCCOCCO
1290,Polythiazide,False,CN1C(CSCC(F)(F)F)NC2=CC(Cl)=C(C=C2S1(=O)=O)S(N)(=O)=O
1291,Pomalidomide,False,NC1=CC=CC2=C1C(=O)N(C1CCC(=O)NC1=O)C2=O
1295,Potassium Chloride,False,[Cl-].[K+]
1296,Potassium Iodide,False,[K+].[I-]
1297,Practolol,False,CC(C)NCC(O)COC1=CC=C(NC(C)=O)C=C1
1299,Pralidoxime,False,C[N+]1=C(\C=N\O)C=CC=C1
1300,Pramipexole,True,CCCN[C@H]1CCC2=C(C1)SC(N)=N2
1302,Pranlukast,False,O=C(NC1=CC2=C(C=C1)C(=O)C=C(O2)C1=NNN=N1)C1=CC=C(OCCCCC2=CC=CC=C2)C=C1
1303,Prasugrel,False,CC(=O)OC1=CC2=C(CCN(C2)C(C(=O)C2CC2)C2=CC=CC=C2F)S1
1304,Pravastatin,False,[H][C@]12[C@H](C[C@H](O)C=C1C=C[C@H](C)[C@@H]2CC[C@@H](O)C[C@@H](O)CC(O)=O)OC(=O)[C@@H](C)CC
1305,Prazepam,False,ClC1=CC2=C(C=C1)N(CC1CC1)C(=O)CN=C2C1=CC=CC=C1
1306,Praziquantel,False,O=C(C1CCCCC1)N1CC2N(CCC3=CC=CC=C23)C(=O)C1
1307,Prazosin,False,COC1=C(OC)C=C2C(N)=NC(=NC2=C1)N1CCN(CC1)C(=O)C1=CC=CO1
1308,Prednicarbate,False,CCOC(=O)OC1(CCC2C3CCC4=CC(=O)C=CC4(C)C3C(O)CC12C)C(=O)COC(=O)CC
1309,Prednisolone,False,[H][C@@]12CC[C@](O)(C(=O)CO)[C@@]1(C)C[C@H](O)[C@@]1([H])[C@@]2([H])CCC2=CC(=O)C=C[C@]12C
1310,Prednisone,False,[H][C@@]12CC[C@](O)(C(=O)CO)[C@@]1(C)CC(=O)[C@@]1([H])[C@@]2([H])CCC2=CC(=O)C=C[C@]12C
1311,Pregabalin,True,CC(C)C[C@H](CN)CC(O)=O
1313,Prilocaine,False,CCCNC(C)C(=O)NC1=CC=CC=C1C
1314,Primaquine,False,COC1=CC(NC(C)CCCN)=C2N=CC=CC2=C1
1315,Primidone,True,CCC1(C(=O)NCNC1=O)C1=CC=CC=C1
1316,Probenecid,False,CCCN(CCC)S(=O)(=O)C1=CC=C(C=C1)C(O)=O
1318,Procainamide,False,CCN(CC)CCNC(=O)C1=CC=C(N)C=C1
1319,Procaine,False,CCN(CC)CCOC(=O)C1=CC=C(N)C=C1
1320,Procarbazine,False,CNNCC1=CC=C(C=C1)C(=O)NC(C)C
1321,Procaterol,False,CC[C@H](NC(C)C)[C@H](O)C1=C2C=CC(=O)NC2=C(O)C=C1
1322,Prochlorperazine,True,CN1CCN(CCCN2C3=CC=CC=C3SC3=C2C=C(Cl)C=C3)CC1
1323,Procyclidine,False,OC(CCN1CCCC1)(C1CCCCC1)C1=CC=CC=C1
1324,Proflavine,False,NC1=CC2=NC3=C(C=CC(N)=C3)C=C2C=C1
1325,Progabide,False,NC(=O)CCCN\C(C1=CC=C(Cl)C=C1)=C1/C=C(F)C=CC1=O
1326,Progesterone,False,[H][C@@]12CC[C@H](C(C)=O)[C@@]1(C)CC[C@@]1([H])[C@@]2([H])CCC2=CC(=O)CC[C@]12C
1327,Proguanil,False,CC(C)\N=C(/N)N=C(N)NC1=CC=C(Cl)C=C1
1328,Promazine,False,CN(C)CCCN1C2=CC=CC=C2SC2=CC=CC=C12
1329,Promethazine,True,CC(CN1C2=CC=CC=C2SC2=CC=CC=C12)N(C)C
1330,Propafenone,False,CCCNCC(O)COC1=CC=CC=C1C(=O)CCC1=CC=CC=C1
1331,Propantheline,False,CC(C)[N+](C)(CCOC(=O)C1C2=CC=CC=C2OC2=CC=CC=C12)C(C)C
1332,Proparacaine,False,CCCOC1=C(N)C=C(C=C1)C(=O)OCCN(CC)CC
1333,Propericiazine,False,OC1CCN(CCCN2C3=CC=CC=C3SC3=C2C=C(C=C3)C#N)CC1
1334,Propiomazine,False,CCC(=O)C1=CC2=C(SC3=CC=CC=C3N2CC(C)N(C)C)C=C1
1335,Propofol,False,CC(C)C1=CC=CC(C(C)C)=C1O
1336,Propoxyphene,False,CCC(=O)OC(CC1=CC=CC=C1)([C@H](C)CN(C)C)C1=CC=CC=C1
1337,Propranolol,False,CC(C)NCC(O)COC1=CC=CC2=CC=CC=C12
1338,Propylhexedrine,False,CNC(C)CC1CCCCC1
1339,Propylthiouracil,False,CCCC1=CC(=O)NC(=S)N1
1340,Protriptyline,True,CNCCCC1C2=CC=CC=C2C=CC2=CC=CC=C12
1341,Pseudoephedrine,False,CN[C@@H](C)[C@@H](O)C1=CC=CC=C1
1342,Pyrazinamide,False,NC(=O)C1=NC=CN=C1
1343,Pyridostigmine,True,CN(C)C(=O)OC1=C[N+](C)=CC=C1
1344,Pyridoxal,False,CC1=NC=C(CO)C(C=O)=C1O
1345,Pyridoxine,False,CC1=NC=C(CO)C(CO)=C1O
1346,Pyrimethamine,False,CCC1=C(C(N)=NC(N)=N1)C1=CC=C(Cl)C=C1
1347,Pyruvic acid,False,CC(=O)C(O)=O
1349,Quetiapine,True,OCCOCCN1CCN(CC1)C1=NC2=CC=CC=C2SC2=CC=CC=C12
1351,Quinapril,False,CCOC(=O)[C@H](CCC1=CC=CC=C1)N[C@@H](C)C(=O)N1CC2=CC=CC=C2C[C@H]1C(O)=O
1353,Quinethazone,False,CCC1NC(=O)C2=CC(=C(Cl)C=C2N1)S(N)(=O)=O
1354,Quinidine,True,[H][C@@]12CCN(C[C@@H]1C=C)[C@]([H])(C2)[C@@H](O)C1=C2C=C(OC)C=CC2=NC=C1
1356,Quinine,False,[H][C@]1(C[C@@H]2CC[N@]1C[C@@H]2C=C)[C@H](O)C1=CC=NC2=CC=C(OC)C=C12
1358,Rabeprazole,False,COCCCOC1=C(C)C(CS(=O)C2=NC3=CC=CC=C3N2)=NC=C1
1361,Raltitrexed,False,CN(CC1=CC2=C(NC(C)=NC2=O)C=C1)C1=CC=C(S1)C(=O)N[C@@H](CCC(O)=O)C(O)=O
1362,Ramelteon,True,CCC(=O)NCC[C@@H]1CCC2=C1C1=C(OCC1)C=C2
1363,Ramipril,False,[H][C@@]12CCC[C@]1([H])N([C@@H](C2)C(O)=O)C(=O)[C@H](C)N[C@@H](CCC1=CC=CC=C1)C(=O)OCC
1365,Ranitidine,False,CN\C(NCCSCC1=CC=C(CN(C)C)O1)=C/[N+]([O-])=O
1366,Ranolazine,False,COC1=CC=CC=C1OCC(O)CN1CCN(CC(=O)NC2=C(C)C=CC=C2C)CC1
1367,Rasagiline,True,C#CCN[C@@H]1CCC2=CC=CC=C12
1370,Reboxetine,False,[H][C@]1(CNCCO1)[C@@H](OC1=CC=CC=C1OCC)C1=CC=CC=C1
1373,Remifentanil,True,CCC(=O)N(C1=CC=CC=C1)C1(CCN(CCC(=O)OC)CC1)C(=O)OC
1375,Remoxipride,False,CCN1CCC[C@H]1CNC(=O)C1=C(OC)C=CC(Br)=C1OC
1381,Ribavirin,False,NC(=O)C1=NN(C=N1)[C@@H]1O[C@H](CO)[C@@H](O)[C@H]1O
1383,Ridogrel,False,OC(=O)CCCCO\N=C(\C1=CN=CC=C1)C1=CC(=CC=C1)C(F)(F)F
1389,Rilpivirine,False,CC1=CC(\C=C\C#N)=CC(C)=C1NC1=CC=NC(NC2=CC=C(C=C2)C#N)=N1
1390,Riluzole,True,NC1=NC2=C(S1)C=C(OC(F)(F)F)C=C2
1391,Rimantadine,False,CC(N)C12CC3CC(CC(C3)C1)C2
1392,Rimexolone,False,CCC(=O)[C@@]1(C)[C@H](C)CC2C3CCC4=CC(=O)C=C[C@]4(C)C3[C@@H](O)C[C@]12C
1395,Risperidone,True,CC1=C(CCN2CCC(CC2)C2=NOC3=C2C=CC(F)=C3)C(=O)N2CCCCC2=N1
1396,Ritodrine,False,C[C@H](NCCC1=CC=C(O)C=C1)[C@H](O)C1=CC=C(O)C=C1
1399,Rivaroxaban,False,ClC1=CC=C(S1)C(=O)NC[C@H]1CN(C(=O)O1)C1=CC=C(C=C1)N1CCOCC1=O
1400,Rivastigmine,True,CCN(C)C(=O)OC1=CC=CC(=C1)[C@H](C)N(C)C
1401,Rizatriptan,True,CN(C)CCC1=CNC2=C1C=C(CN1C=NC=N1)C=C2
1406,Ropinirole,True,CCCN(CCC)CCC1=C2CC(=O)NC2=CC=C1
1407,Ropivacaine,False,CCCN1CCCC[C@H]1C(=O)NC1=C(C)C=CC=C1C
1408,Rosiglitazone,False,CN(CCOC1=CC=C(CC2SC(=O)NC2=O)C=C1)C1=CC=CC=N1
1409,Rosoxacin,False,CCN1C=C(C(O)=O)C(=O)C2=C1C=C(C=C2)C1=CC=NC=C1
1410,Rosuvastatin,False,CC(C)C1=NC(=NC(C2=CC=C(F)C=C2)=C1\C=C\[C@@H](O)C[C@@H](O)CC(=O)O)N(C)S(C)(=O)=O
1411,Rotigotine,True,CCCN(CCC1=CC=CS1)C1CCC2=C(C1)C=CC=C2O
1412,Roxatidine acetate,False,CC(=O)OCC(=O)NCCCOC1=CC=CC(CN2CCCCC2)=C1
1414,Rufinamide,True,NC(=O)C1=CN(CC2=C(F)C=CC=C2F)N=N1
1415,Ruxolitinib,False,N#CC[C@H](C1CCCC1)N1C=C(C=N1)C1=C2C=CNC2=NC=N1
1417,Salbutamol,False,CC(C)(C)NCC(O)C1=CC(CO)=C(O)C=C1
1418,Salicyclic acid,False,OC(=O)C1=CC=CC=C1O
1419,Salicylamide,False,NC(=O)C1=CC=CC=C1O
1420,Salicylate-sodium,False,[Na+].OC1=CC=CC=C1C([O-])=O
1421,Salmeterol,False,OCC1=C(O)C=CC(=C1)C(O)CNCCCCCCOCCCCC1=CC=CC=C1
1423,Salsalate,True,OC(=O)C1=CC=CC=C1OC(=O)C1=CC=CC=C1O
1428,Saxagliptin,False,N[C@H](C(=O)N1[C@H]2C[C@H]2C[C@H]1C#N)C12CC3CC(CC(O)(C3)C1)C2
1429,Scopolamine,False,CN1[C@H]2C[C@@H](C[C@@H]1[C@H]1O[C@@H]21)OC(=O)[C@H](CO)C1=CC=CC=C1
1430,Secobarbital,False,CCCC(C)C1(CC=C)C(=O)NC(=O)NC1=O
1432,Selegiline,True,CC(CC1=CC=CC=C1)N(C)CC#C
1433,Selenium Sulfide,False,S=[Se]
1436,Sertindole,False,FC1=CC=C(C=C1)N1C=C(C2CCN(CCN3CCNC3=O)CC2)C2=C1C=CC(Cl)=C2
1440,Sevelamer,False,NCC=C.ClCC1CO1
1441,Sevoflurane,False,FCOC(C(F)(F)F)C(F)(F)F
1442,Sibutramine,False,CC(C)CC(N(C)C)C1(CCC1)C1=CC=C(Cl)C=C1
1443,Sildenafil,False,CCCC1=NN(C)C2=C1NC(=NC2=O)C1=C(OCC)C=CC(=C1)S(=O)(=O)N1CCN(C)CC1
1444,Silodosin,False,C[C@H](CC1=CC2=C(N(CCCO)CC2)C(=C1)C(N)=O)NCCOC1=CC=CC=C1OCC(F)(F)F
1445,Silver sulfadiazine,False,[Ag+].NC1=CC=C(C=C1)S(=O)(=O)[N-]C1=NC=CC=N1
1446,Simvastatin,False,[H][C@]12[C@H](C[C@@H](C)C=C1C=C[C@H](C)[C@@H]2CC[C@@H]1C[C@@H](O)CC(=O)O1)OC(=O)C(C)(C)CC
1448,Sitagliptin,False,N[C@@H](CC(=O)N1CCN2C(C1)=NN=C2C(F)(F)F)CC1=CC(F)=C(F)C=C1F
1449,Sitaxentan,False,CC1=NOC(NS(=O)(=O)C2=C(SC=C2)C(=O)CC2=CC3=C(OCO3)C=C2C)=C1Cl
1450,Sodium bicarbonate,False,[Na+].OC([O-])=O
1451,Sodium lauryl sulfate,False,[Na+].CCCCCCCCCCCCOS([O-])(=O)=O
1453,Sodium Tetradecyl Sulfate,False,CCCCCCCCCCCCCCOS(O)(=O)=O
1454,Solifenacin,True,OC(=O)CCC(O)=O.O=C(O[C@H]1CN2CCC1CC2)N1CCC2=CC=CC=C2[C@@H]1C1=CC=CC=C1
1457,Sotalol,False,CC(C)NCC(O)C1=CC=C(NS(C)(=O)=O)C=C1
1459,Sparfloxacin,False,C[C@H]1CN(C[C@@H](C)N1)C1=C(F)C(N)=C2C(=O)C(=CN(C3CC3)C2=C1F)C(O)=O
1461,Spermine,False,NCCCNCCCCNCCCN
1463,Spirapril,False,CCOC(=O)[C@H](CCC1=CC=CC=C1)N[C@@H](C)C(=O)N1CC2(C[C@H]1C(O)=O)SCCS2
1464,Spironolactone,False,[H][C@@]12CC[C@@]3(CCC(=O)O3)[C@@]1(C)CC[C@@]1([H])[C@@]2([H])[C@@]([H])(CC2=CC(=O)CC[C@]12C)SC(C)=O
1465,Stanozolol,False,CC1(O)CCC2C3CCC4CC5=NNC=C5CC4(C)C3CCC12C
1466,Stavudine,False,CC1=CN([C@@H]2O[C@H](CO)C=C2)C(=O)NC1=O
1467,Stepronin,False,CC(SC(=O)C1=CC=CS1)C(=O)NCC(O)=O
1471,Succimer,False,OC(=O)C(S)C(S)C(O)=O
1472,Succinic acid,False,OC(=O)CCC(O)=O
1473,Succinylcholine,False,C[N+](C)(C)CCOC(=O)CCC(=O)OCC[N+](C)(C)C
1475,Sufentanil,True,CCC(=O)N(C1=CC=CC=C1)C1(COC)CCN(CCC2=CC=CS2)CC1
1476,Sulfacetamide,False,CC(=O)NS(=O)(=O)C1=CC=C(N)C=C1
1477,Sulfacytine,False,CCN1C=CC(NS(=O)(=O)C2=CC=C(N)C=C2)=NC1=O
1478,Sulfadiazine,False,NC1=CC=C(C=C1)S(=O)(=O)NC1=NC=CC=N1
1479,Sulfadimethoxine,False,COC1=NC(OC)=NC(NS(=O)(=O)C2=CC=C(N)C=C2)=C1
1480,Sulfadoxine,False,COC1=NC=NC(NS(=O)(=O)C2=CC=C(N)C=C2)=C1OC
1481,Sulfamerazine,False,CC1=NC(NS(=O)(=O)C2=CC=C(N)C=C2)=NC=C1
1482,Sulfamethazine,False,CC1=CC(C)=NC(NS(=O)(=O)C2=CC=C(N)C=C2)=N1
1483,Sulfamethizole,False,CC1=NN=C(NS(=O)(=O)C2=CC=C(N)C=C2)S1
1484,Sulfamethoxazole,False,CC1=CC(NS(=O)(=O)C2=CC=C(N)C=C2)=NO1
1485,Sulfametopyrazine,False,COC1=NC=CN=C1NS(=O)(=O)C1=CC=C(N)C=C1
1486,Sulfamoxole,False,CC1=C(C)N=C(NS(=O)(=O)C2=CC=C(N)C=C2)O1
1487,Sulfanilamide,False,NC1=CC=C(C=C1)S(N)(=O)=O
1488,Sulfaphenazole,False,NC1=CC=C(C=C1)S(=O)(=O)NC1=CC=NN1C1=CC=CC=C1
1489,Sulfapyridine,False,NC1=CC=C(C=C1)S(=O)(=O)NC1=CC=CC=N1
1490,Sulfasalazine,False,OC(=O)C1=CC(=CC=C1O)\N=N\C1=CC=C(C=C1)S(=O)(=O)NC1=NC=CC=C1
1491,Sulfathiazole,False,NC1=CC=C(C=C1)S(=O)(=O)NC1=NC=CS1
1492,Sulfinpyrazone,False,O=C1C(CCS(=O)C2=CC=CC=C2)C(=O)N(N1C1=CC=CC=C1)C1=CC=CC=C1
1493,Sulfisoxazole,False,CC1=NOC(NS(=O)(=O)C2=CC=C(N)C=C2)=C1C
1494,Sulfoxone,False,OS(=O)CNC1=CC=C(C=C1)S(=O)(=O)C1=CC=C(NCS(O)=O)C=C1
1495,Sulindac,True,CC1=C(CC(O)=O)C2=CC(F)=CC=C2\C1=C/C1=CC=C(C=C1)S(C)=O
1497,Sulpiride,False,CCN1CCCC1CNC(=O)C1=C(OC)C=CC(=C1)S(N)(=O)=O
1498,Sumatriptan,True,CNS(=O)(=O)CC1=CC2=C(NC=C2CCN(C)C)C=C1
1499,Sunitinib,False,CCN(CC)CCNC(=O)C1=C(C)NC(\C=C2/C(=O)NC3=C2C=C(F)C=C3)=C1C
1500,Suprofen,False,CC(C(O)=O)C1=CC=C(C=C1)C(=O)C1=CC=CS1
1502,Tacrine,False,NC1=C2CCCCC2=NC2=CC=CC=C12
1504,Tadalafil,False,[H][C@]12CC3=C(NC4=CC=CC=C34)[C@H](N1C(=O)CN(C)C2=O)C1=CC2=C(OCO2)C=C1
1505,Tafluprost,False,CC(C)OC(=O)CCC\C=C/C[C@H]1[C@@H](O)C[C@@H](O)[C@@H]1\C=C\C(F)(F)COC1=CC=CC=C1
1506,Talbutal,False,CCC(C)C1(CC=C)C(=O)NC(=O)NC1=O
1508,Tamibarotene,False,CC1(C)CCC(C)(C)C2=C1C=CC(NC(=O)C1=CC=C(C=C1)C(O)=O)=C2
1510,Tamsulosin,False,CCOC1=CC=CC=C1OCCN[C@H](C)CC1=CC(=C(OC)C=C1)S(N)(=O)=O
1511,Tapentadol,True,CC[C@H]([C@@H](C)CN(C)C)C1=CC(O)=CC=C1
1512,Tasosartan,False,CC1=NC(C)=C2CCC(=O)N(CC3=CC=C(C=C3)C3=CC=CC=C3C3=NNN=N3)C2=N1
1513,Tauroursodeoxycholic acid,False,[H][C@@]12CCC(C(C)CCC(=O)NCCS(O)(=O)=O)[C@@]1(C)CC[C@@]1([H])[C@@]2([H])[C@@H](O)C[C@]2([H])C[C@H](O)CC[C@]12C
1514,Tazarotene,False,CCOC(=O)C1=CN=C(C=C1)C#CC1=CC2=C(SCCC2(C)C)C=C1
1515,Tazobactam,False,[H][C@@]12CC(=O)N1[C@@H](C(O)=O)[C@](C)(CN1C=CN=N1)S2(=O)=O
1520,Telbivudine,False,CC1=CN([C@@H]2C[C@@H](O)[C@H](CO)O2)C(=O)NC1=O
1523,Temazepam,True,CN1C2=C(C=C(Cl)C=C2)C(=NC(O)C1=O)C1=CC=CC=C1
1524,Temozolomide,False,CN1N=NC2=C(N=CN2C1=O)C(N)=O
1528,Tenofovir,False,C[C@H](CN1C=NC2=C1N=CN=C2N)OCP(O)(O)=O
1529,Tenoxicam,False,CN1\C(=C(/O)NC2=CC=CC=N2)C(=O)C2=C(C=CS2)S1(=O)=O
1530,Terazosin,False,COC1=C(OC)C=C2C(N)=NC(=NC2=C1)N1CCN(CC1)C(=O)C1CCCO1
1531,Terbinafine,False,CN(C\C=C\C#CC(C)(C)C)CC1=CC=CC2=CC=CC=C12
1532,Terbutaline,False,CC(C)(C)NCC(O)C1=CC(O)=CC(O)=C1
1539,Testolactone,False,[H][C@@]12CCC3=CC(=O)C=C[C@]3(C)[C@@]1([H])CC[C@]1(C)OC(=O)CC[C@@]21[H]
1540,Testosterone,False,[H][C@@]12CC[C@H](O)[C@@]1(C)CC[C@@]1([H])[C@@]2([H])CCC2=CC(=O)CC[C@]12C
1541,Testosterone Propionate,False,[H][C@@]12CC[C@H](OC(=O)CC)[C@@]1(C)CC[C@@]1([H])[C@@]2([H])CCC2=CC(=O)CC[C@]12C
1542,Tetrabenazine,True,COC1=C(OC)C=C2C3CC(=O)C(CC(C)C)CN3CCC2=C1
1546,Thalidomide,False,O=C1N(C2CCC(=O)NC2=O)C(=O)C2=CC=CC=C12
1547,Theobromine,False,CN1C=NC2=C1C(=O)NC(=O)N2C
1548,Theophylline,False,CN1C2=C(NC=N2)C(=O)N(C)C1=O
1549,Thiabendazole,False,N1C2=CC=CC=C2N=C1C1=CSC=N1
1550,Thiamine,False,CC1=C(CCO)SC=[N+]1CC1=CN=C(C)N=C1N
1551,Thiamylal,False,CCCC(C)C1(CC=C)C(=O)NC(=S)NC1=O
1553,Thioguanine,False,NC1=NC(=S)C2=C(N1)N=CN2
1554,Thiopental,False,CCCC(C)C1(CC)C(=O)NC(=S)NC1=O
1555,Thioproperazine,False,CN(C)S(=O)(=O)C1=CC2=C(SC3=CC=CC=C3N2CCCN2CCN(C)CC2)C=C1
1557,Thiotepa,False,S=P(N1CC1)(N1CC1)N1CC1
1558,Thiothixene,True,CN(C)S(=O)(=O)C1=CC2=C(SC3=CC=CC=C3\C2=C\CCN2CCN(C)CC2)C=C1
1563,Tiaprofenic acid,False,CC(C(O)=O)C1=CC=C(S1)C(=O)C1=CC=CC=C1
1565,Ticarcillin,False,[H][C@]12SC(C)(C)[C@@H](N1C(=O)[C@H]2NC(=O)[C@H](C(O)=O)C1=CSC=C1)C(O)=O
1566,Ticlopidine,False,ClC1=CC=CC=C1CN1CCC2=C(C1)C=CS2
1568,Tiludronate,False,OP(O)(=O)C(SC1=CC=C(Cl)C=C1)P(O)(O)=O
1569,Timolol,False,CC(C)(C)NCC(O)COC1=NSN=C1N1CCOCC1
1570,Tinidazole,False,CCS(=O)(=O)CCN1C(C)=NC=C1[N+]([O-])=O
1573,Tiotropium,False,C[N+]1(C)[C@H]2CC(C[C@@H]1[C@@H]1O[C@H]21)OC(=O)C(O)(C1=CC=CS1)C1=CC=CS1
1575,Tirofiban,False,CCCCS(=O)(=O)N[C@@H](CC1=CC=C(OCCCCC2CCNCC2)C=C1)C(O)=O
1576,Tizanidine,True,ClC1=C(NC2=NCCN2)C2=NSN=C2C=C1
1578,Tocainide,False,CC(N)C(=O)NC1=C(C)C=CC=C1C
1580,Tofisopam,False,CCC1C2=CC(OC)=C(OC)C=C2C(=NN=C1C)C1=CC(OC)=C(OC)C=C1
1581,Tolazamide,False,CC1=CC=C(C=C1)S(=O)(=O)NC(=O)NN1CCCCCC1
1582,Tolazoline,False,C(C1=NCCN1)C1=CC=CC=C1
1583,Tolbutamide,False,CCCCNC(=O)NS(=O)(=O)C1=CC=C(C)C=C1
1584,Tolcapone,True,CC1=CC=C(C=C1)C(=O)C1=CC(=C(O)C(O)=C1)[N+]([O-])=O
1585,Tolmetin,True,CN1C(CC(O)=O)=CC=C1C(=O)C1=CC=C(C)C=C1
1586,Tolnaftate,False,CN(C(=S)OC1=CC2=CC=CC=C2C=C1)C1=CC=CC(C)=C1
1589,Topiramate,True,[H][C@@]12CO[C@@]3(COS(N)(=O)=O)OC(C)(C)O[C@@]3([H])[C@]1([H])OC(C)(C)O2
1590,Topotecan,False,CC[C@@]1(O)C(=O)OCC2=C1C=C1N(CC3=CC4=C(C=CC(O)=C4CN(C)C)N=C13)C2=O
1591,Torasemide,False,CC(C)NC(=O)NS(=O)(=O)C1=C(NC2=CC=CC(C)=C2)C=CN=C1
1595,Tramadol,True,COC1=CC=CC(=C1)[C@@]1(O)CCCC[C@@H]1CN(C)C
1597,Trandolapril,False,[H][C@@]12C[C@H](N(C(=O)[C@H](C)N[C@@H](CCC3=CC=CC=C3)C(=O)OCC)[C@@]1([H])CCCC2)C(O)=O
1598,Tranexamic Acid,False,NC[C@H]1CC[C@@H](CC1)C(O)=O
1599,Tranylcypromine,True,N[C@@H]1CC1C1=CC=CC=C1
1602,Trazodone,True,ClC1=CC=CC(=C1)N1CCN(CCCN2N=C3C=CC=CN3C2=O)CC1
1603,Treprostinil,False,[H][C@]12C[C@@H](O)[C@H](CC[C@@H](O)CCCCC)[C@@]1([H])CC1=C(C2)C(OCC(O)=O)=CC=C1
1605,Triamcinolone,False,[H][C@@]12C[C@@H](O)[C@](O)(C(=O)CO)[C@@]1(C)C[C@H](O)[C@@]1(F)[C@@]2([H])CCC2=CC(=O)C=C[C@]12C
1606,Triamterene,False,NC1=NC(N)=C2N=C(C(N)=NC2=N1)C1=CC=CC=C1
1607,Triazolam,True,CC1=NN=C2CN=C(C3=CC=CC=C3Cl)C3=C(C=CC(Cl)=C3)N12
1608,Trichlormethiazide,False,NS(=O)(=O)C1=C(Cl)C=C2NC(NS(=O)(=O)C2=C1)C(Cl)Cl
1609,Tridihexethyl,False,CC[N+](CC)(CC)CCC(O)(C1CCCCC1)C1=CC=CC=C1
1610,Trifluoperazine,True,CN1CCN(CCCN2C3=CC=CC=C3SC3=C2C=C(C=C3)C(F)(F)F)CC1
1612,Trifluridine,False,OC[C@H]1O[C@H](C[C@@H]1O)N1C=C(C(=O)NC1=O)C(F)(F)F
1614,Trihexyphenidyl,True,OC(CCN1CCCCC1)(C1CCCCC1)C1=CC=CC=C1
1615,Trilostane,False,[H][C@]12O[C@]11CC[C@@]3([H])[C@]4([H])CC[C@H](O)[C@@]4(C)CC[C@]3([H])[C@@]1(C)CC(C#N)=C2O
1616,Trimeprazine,False,CC(CN(C)C)CN1C2=CC=CC=C2SC2=CC=CC=C12
1617,Trimethadione,False,CN1C(=O)OC(C)(C)C1=O
1618,Trimethaphan,False,O=C1N(CC2=CC=CC=C2)C2C[S+]3CCCC3C2N1CC1=CC=CC=C1
1619,Trimethobenzamide,True,COC1=CC(=CC(OC)=C1OC)C(=O)NCC1=CC=C(OCCN(C)C)C=C1
1620,Trimethoprim,False,COC1=CC(CC2=CN=C(N)N=C2N)=CC(OC)=C1OC
1621,Trimetrexate,False,COC1=CC(NCC2=C(C)C3=C(C=C2)N=C(N)N=C3N)=CC(OC)=C1OC
1622,Trimipramine,True,CC(CN(C)C)CN1C2=CC=CC=C2CCC2=CC=CC=C12
1623,Trioxsalen,False,CC1=CC2=CC3=C(OC(=O)C=C3C)C(C)=C2O1
1624,Tripelennamine,False,CN(C)CCN(CC1=CC=CC=C1)C1=CC=CC=N1
1625,Triprolidine,False,CC1=CC=C(C=C1)C(=C/CN1CCCC1)\C1=CC=CC=N1
1628,Tropicamide,False,CCN(CC1=CC=NC=C1)C(=O)C(CO)C1=CC=CC=C1
1629,Trospium,True,OC(C(=O)OC1CC2CCC(C1)[N+]21CCCC1)(C1=CC=CC=C1)C1=CC=CC=C1
1630,Trovafloxacin,False,[H][C@@]12CN(C[C@]1([H])C2N)C1=C(F)C=C2C(=O)C(=CN(C3=C(F)C=C(F)C=C3)C2=N1)C(O)=O
1633,Tymazoline,False,CC(C)C1=C(OCC2=NCCN2)C=C(C)C=C1
1635,Uracil mustard,False,ClCCN(CCCl)C1=CNC(=O)NC1=O
1638,Ursodeoxycholic acid,False,[H][C@@]1(CC[C@@]2([H])[C@]3([H])[C@@H](O)C[C@]4([H])C[C@H](O)CC[C@]4(C)[C@@]3([H])CC[C@]12C)[C@H](C)CCC(O)=O
1639,Valaciclovir,False,CC(C)[C@H](N)C(=O)OCCOCN1C=NC2=C1NC(N)=NC2=O
1641,Valproic Acid,True,CCCC(CCC)C(O)=O
1643,Valsartan,False,CCCCC(=O)N(CC1=CC=C(C=C1)C1=CC=CC=C1C1=NNN=N1)[C@@H](C(C)C)C(O)=O
1647,Vardenafil,False,CCCC1=NC(C)=C2N1NC(=NC2=O)C1=C(OCC)C=CC(=C1)S(=O)(=O)N1CCN(CC)CC1
1648,Varenicline,True,[H][C@]12C[C@]([H])(CNC1)C1=CC3=NC=CN=C3C=C21
1653,Venlafaxine,True,COC1=CC=C(C=C1)C(CN(C)C)C1(O)CCCCC1
1656,Vidarabine,False,NC1=NC=NC2=C1N=CN2[C@@H]1O[C@H](CO)[C@@H](O)[C@@H]1O
1657,Vigabatrin,True,NC(CCC(O)=O)C=C
1658,Vilazodone,True,NC(=O)C1=CC2=C(O1)C=CC(=C2)N1CCN(CCCCC2=CNC3=C2C=C(C=C3)C#N)CC1
1659,Vildagliptin,False,OC12CC3CC(C1)CC(C3)(C2)NCC(=O)N1CCC[C@H]1C#N
1664,Vismodegib,False,CS(=O)(=O)C1=CC(Cl)=C(C=C1)C(=O)NC1=CC=C(Cl)C(=C1)C1=CC=CC=N1
1666,Vitamin C,False,[H][C@@]1(OC(=O)C(O)=C1O)[C@@H](O)CO
1670,Voriconazole,False,C[C@@H](C1=NC=NC=C1F)[C@](O)(CN1C=NC=N1)C1=C(F)C=C(F)C=C1
1671,Vorinostat,False,ONC(=O)CCCCCCC(=O)NC1=CC=CC=C1
1672,Warfarin,False,CC(=O)CC(C1=CC=CC=C1)C1=C(O)C2=C(OC1=O)C=CC=C2
1674,Ximelagatran,False,CCOC(=O)CN[C@@H](C(=O)N1CC[C@H]1C(=O)NCC1=CC=C(C=C1)C(\N)=N\O)C1CCCCC1
1675,Xylometazoline,False,CC1=CC(=CC(C)=C1CC1=NCCN1)C(C)(C)C
1676,Yohimbine,False,[H][C@@]12CC[C@H](O)[C@H](C(=O)OC)[C@@]1([H])C[C@]1([H])N(CCC3=C1NC1=CC=CC=C31)C2
1678,Zalcitabine,False,NC1=NC(=O)N(C=C1)[C@H]1CC[C@@H](CO)O1
1679,Zaleplon,True,CCN(C(C)=O)C1=CC=CC(=C1)C1=CC=NC2=C(C=NN12)C#N
1681,Zidovudine,False,CC1=CN([C@H]2C[C@H](N=[N+]=[N-])[C@@H](CO)O2)C(=O)NC1=O
1682,Zileuton,False,CC(N(O)C(N)=O)C1=CC2=CC=CC=C2S1
1683,Zinc,False,[Zn]
1684,Ziprasidone,True,ClC1=C(CCN2CCN(CC2)C2=NSC3=CC=CC=C23)C=C2CC(=O)NC2=C1
1686,Zolmitriptan,True,CN(C)CCC1=CNC2=CC=C(C[C@H]3COC(=O)N3)C=C12
1687,Zolpidem,True,CN(C)C(=O)CC1=C(N=C2C=CC(C)=CN12)C1=CC=C(C)C=C1
1688,Zonisamide,True,NS(=O)(=O)CC1=NOC2=CC=CC=C12
1689,Zopiclone,False,CN1CCN(CC1)C(=O)OC1N(C(=O)C2=NC=CN=C12)C1=NC=C(Cl)C=C1
1690,Zuclopenthixol,False,OCCN1CCN(CC\C=C2\C3=CC=CC=C3SC3=C2C=C(Cl)C=C3)CC1
